External ID,Date,Transaction Type,Transaction Number,Display Name,Vendor ID,Status By Today,Memo,Due Date,Warehouse,Location ID,Product Name,Reference Number,Product Code,Description,Quantity,Unit,Unit Price,Discount Line %,Witholding Amount,Company Name,Tax Number,Taxable Amount per Line,Total per line,Discount Amount,Discount %,Tax Rate,Tax Rate ID,Tax Amount,No PO,Internal ID PO
SNI-10029.,6/1/2022,Purchase Invoice,10029,PT Forisa Nusapersada,668,Paid,,6/1/2022,Sedati,14,**Pop Ice Chocolate 25g,,POP-0051,,0,Karton,190700,0.20%,0,,,0,0,0,0,10,5,0,10013,6430610
SNI-10029.,6/1/2022,Purchase Invoice,10029,PT Forisa Nusapersada,668,Paid,,6/1/2022,Sedati,14,**Pop Ice Thunder Choco Malt 25g,,POP-0052,,0,Karton,190700,0.20%,0,,,0,0,0,0,10,5,0,10013,6430610
SNI-10029.,6/1/2022,Purchase Invoice,10029,PT Forisa Nusapersada,668,Paid,,6/1/2022,Sedati,14,**Pop Ice Taro 25g,,POP-0053,,0,Karton,190700,0.20%,0,,,0,0,0,0,10,5,0,10013,6430610
SNI-10029.,6/1/2022,Purchase Invoice,10029,PT Forisa Nusapersada,668,Paid,,6/1/2022,Sedati,14,**Pop Ice Vanilla Blue 25g,,POP-0061,,0,Karton,190700,0.20%,0,,,0,0,0,0,10,5,0,10013,6430610
SNI-10029.,6/1/2022,Purchase Invoice,10029,PT Forisa Nusapersada,668,Paid,,6/1/2022,Sedati,14,**Pop Ice Doger 25g,,POP-0062,,0,Karton,190700,0.20%,0,,,0,0,0,0,10,5,0,10013,6430610
SNI-10029.,6/1/2022,Purchase Invoice,10029,PT Forisa Nusapersada,668,Paid,,6/1/2022,Sedati,14,**Pop Ice Permen Karet 25g,,POP-0063,,0,Karton,190700,0.20%,0,,,0,0,0,0,10,5,0,10013,6430610
SNI-10029.,6/1/2022,Purchase Invoice,10029,PT Forisa Nusapersada,668,Paid,,6/1/2022,Sedati,14,**Pop Ice Avocado 25g,,POP-0055,,0,Karton,190700,0.20%,0,,,0,0,0,0,10,5,0,10013,6430610
SNI-10029.,6/1/2022,Purchase Invoice,10029,PT Forisa Nusapersada,668,Paid,,6/1/2022,Sedati,14,**Pop Ice Durian 25g,,POP-0066,,0,Karton,190700,0.20%,0,,,0,0,0,0,10,5,0,10013,6430610
SNI-10029.,6/1/2022,Purchase Invoice,10029,PT Forisa Nusapersada,668,Paid,,6/1/2022,Sedati,14,**Pop Ice Anggur 25g,,POP-0078,,0,Karton,190700,0.20%,0,,,0,0,0,0,10,5,0,10013,6430610
SNI-10029.,6/1/2022,Purchase Invoice,10029,PT Forisa Nusapersada,668,Paid,,6/1/2022,Sedati,14,**Pop Ice Melon 25g,,POP-0056,,0,Karton,190700,0.20%,0,,,0,0,0,0,10,5,0,10013,6430610
SNI-10029.,6/1/2022,Purchase Invoice,10029,PT Forisa Nusapersada,668,Paid,,6/1/2022,Sedati,14,**Pop Ice Lychee 25g,,POP-0073,,0,Karton,190700,0.20%,0,,,0,0,0,0,10,5,0,10013,6430610
SNI-10029.,6/1/2022,Purchase Invoice,10029,PT Forisa Nusapersada,668,Paid,,6/1/2022,Sedati,14,**Pop Ice Mango 25g,,POP-0057,,0,Karton,190700,0.20%,0,,,0,0,0,0,10,5,0,10013,6430610
SNI-10029.,6/1/2022,Purchase Invoice,10029,PT Forisa Nusapersada,668,Paid,,6/1/2022,Sedati,14,**Pop Ice Strawberry 25g,,POP-0058,,0,Karton,190700,0.20%,0,,,0,0,0,0,10,5,0,10013,6430610
SNI-10029.,6/1/2022,Purchase Invoice,10029,PT Forisa Nusapersada,668,Paid,,6/1/2022,Sedati,14,**Pop Ice Yogurt Strawberry 25g,,POP-0075,,0,Karton,190700,0.20%,0,,,0,0,0,0,10,5,0,10013,6430610
SNI-10029.,6/1/2022,Purchase Invoice,10029,PT Forisa Nusapersada,668,Paid,,6/1/2022,Sedati,14,**Anget Sari Wedang Jahe 24g,,ASR-0002,,0,Karton,171700,0.20%,0,,,0,0,0,0,10,5,0,10013,6430610
SNI-10029.,6/1/2022,Purchase Invoice,10029,PT Forisa Nusapersada,668,Paid,,6/1/2022,Sedati,14,**Agarasa Chocolate 22g - Inner Box,,AGR-0001,,0,Karton,189244,0.20%,0,,,0,0,0,0,10,5,0,10013,6430610
SNI-10029.,6/1/2022,Purchase Invoice,10029,PT Forisa Nusapersada,668,Paid,,6/1/2022,Sedati,14,**Agarasa Vanilla 10g - Inner Box,,AGR-0006,,10,Karton,160780,0.20%,0,,,1604584.4,1604584.4,0,0,10,5,160458.44,10013,6430610
SNI-10029.,6/1/2022,Purchase Invoice,10029,PT Forisa Nusapersada,668,Paid,,6/1/2022,Sedati,14,**Agarasa Melon 10g - Inner Box,,AGR-0004,,0,Karton,160776,0.20%,0,,,0,0,0,0,10,5,0,10013,6430610
SNI-10029.,6/1/2022,Purchase Invoice,10029,PT Forisa Nusapersada,668,Paid,,6/1/2022,Sedati,14,**Nutrijell Plain 15g,,NJL-0031,,0,Karton,463529,0.20%,0,,,0,0,0,0,10,5,0,10013,6430610
SNI-10029.,6/1/2022,Purchase Invoice,10029,PT Forisa Nusapersada,668,Paid,,6/1/2022,Sedati,14,**Nutrijell Ekonomis Cincau 10g,,NJL-0033,,0,Karton,176730,0.20%,0,,,0,0,0,0,10,5,0,10013,6430610
SNI-10029.,6/1/2022,Purchase Invoice,10029,PT Forisa Nusapersada,668,Paid,,6/1/2022,Sedati,14,**Nutrijell Ekonomis Anggur 10g,,NJL-0043,,0,Karton,176730,0.20%,0,,,0,0,0,0,10,5,0,10013,6430610
SNI-10029.,6/1/2022,Purchase Invoice,10029,PT Forisa Nusapersada,668,Paid,,6/1/2022,Sedati,14,**Nutrijell Ekonomis Jambu 10g,,NJL-0034,,0,Karton,176730,0.20%,0,,,0,0,0,0,10,5,0,10013,6430610
SNI-10029.,6/1/2022,Purchase Invoice,10029,PT Forisa Nusapersada,668,Paid,,6/1/2022,Sedati,14,**Nutrijell Ekonomis Jeruk 10g,,NJL-0038,,0,Karton,176730,0.20%,0,,,0,0,0,0,10,5,0,10013,6430610
SNI-10029.,6/1/2022,Purchase Invoice,10029,PT Forisa Nusapersada,668,Paid,,6/1/2022,Sedati,14,**Nutrijell Ekonomis Strawberry 10g,,NJL-0039,,0,Karton,176730,0.20%,0,,,0,0,0,0,10,5,0,10013,6430610
SNI-10029.,6/1/2022,Purchase Invoice,10029,PT Forisa Nusapersada,668,Paid,,6/1/2022,Sedati,14,**Nutrijell Ekonomis Plain 10g,,NJL-0040,,0,Karton,176730,0.20%,0,,,0,0,0,0,10,5,0,10013,6430610
SNI-10029.,6/1/2022,Purchase Invoice,10029,PT Forisa Nusapersada,668,Paid,,6/1/2022,Sedati,14,**Nutrijell Pudding Susu Vanilla 140g,,NJL-0016,,0,Karton,210950,0.20%,0,,,0,0,0,0,10,5,0,10013,6430610
SNI-10029.,6/1/2022,Purchase Invoice,10029,PT Forisa Nusapersada,668,Paid,,6/1/2022,Sedati,14,**Nutrijell Pudding Susu Melon 145g,,NJL-0017,,0,Karton,210950,0.20%,0,,,0,0,0,0,10,5,0,10013,6430610
SNI-10029.,6/1/2022,Purchase Invoice,10029,PT Forisa Nusapersada,668,Paid,,6/1/2022,Sedati,14,**Nutrijell Pudding Susu Mangga 130g,,NJL-0018,,0,Karton,210950,0.20%,0,,,0,0,0,0,10,5,0,10013,6430610
SNI-10029.,6/1/2022,Purchase Invoice,10029,PT Forisa Nusapersada,668,Paid,,6/1/2022,Sedati,14,**Nutrijell Pudding Susu Strawberry 145g,,NJL-0019,,0,Karton,210950,0.20%,0,,,0,0,0,0,10,5,0,10013,6430610
SNI-10029.,6/1/2022,Purchase Invoice,10029,PT Forisa Nusapersada,668,Paid,,6/1/2022,Sedati,14,**Nutrijell Pudding Santan Pandan 130g,,NJL-0020,,0,Karton,210950,0.20%,0,,,0,0,0,0,10,5,0,10013,6430610
SNI-10029.,6/1/2022,Purchase Invoice,10029,PT Forisa Nusapersada,668,Paid,,6/1/2022,Sedati,14,**Nutrijell Pudding Lapis Gula Jawa 100g,,NJL-0021,,0,Karton,210950,0.20%,0,,,0,0,0,0,10,5,0,10013,6430610
SNI-10029.,6/1/2022,Purchase Invoice,10029,PT Forisa Nusapersada,668,Paid,,6/1/2022,Sedati,14,**Nutrijell Pudding Lapis Cocopandan 110g,,NJL-0022,,0,Karton,210950,0.20%,0,,,0,0,0,0,10,5,0,10013,6430610
SNI-10029.,6/1/2022,Purchase Invoice,10029,PT Forisa Nusapersada,668,Paid,,6/1/2022,Sedati,14,**Silky Pudding Biscuit 155g,,SPD-0006,,0,Karton,112440,0.20%,0,,,0,0,0,0,10,5,0,10013,6430610
SNI-10029.,6/1/2022,Purchase Invoice,10029,PT Forisa Nusapersada,668,Paid,,6/1/2022,Sedati,14,**Silky Pudding Chocolate 155g,,SPD-0005,,0,Karton,112440,0.20%,0,,,0,0,0,0,10,5,0,10013,6430610
SNI-10029.,6/1/2022,Purchase Invoice,10029,PT Forisa Nusapersada,668,Paid,,6/1/2022,Sedati,14,**Silky Pudding Taro 155g,,SPD-0004,,0,Karton,112440,0.20%,0,,,0,0,0,0,10,5,0,10013,6430610
SNI-10029.,6/1/2022,Purchase Invoice,10029,PT Forisa Nusapersada,668,Paid,,6/1/2022,Sedati,14,**Silky Pudding Gummy 155g,,SPD-0003,,0,Karton,112440,0.20%,0,,,0,0,0,0,10,5,0,10013,6430610
SNI-10029.,6/1/2022,Purchase Invoice,10029,PT Forisa Nusapersada,668,Paid,,6/1/2022,Sedati,14,**Silky Pudding Avocado 155g,,SPD-0002,,0,Karton,112440,0.20%,0,,,0,0,0,0,10,5,0,10013,6430610
SNI-10029.,6/1/2022,Purchase Invoice,10029,PT Forisa Nusapersada,668,Paid,,6/1/2022,Sedati,14,**Silky Pudding Peach 155g,,SPD-0001,,0,Karton,112440,0.20%,0,,,0,0,0,0,10,5,0,10013,6430610
SNI-10029.,6/1/2022,Purchase Invoice,10029,PT Forisa Nusapersada,668,Paid,,6/1/2022,Sedati,14,**My Vla Chocolate 63g,,MVL-0002,,0,Karton,254710,0.20%,0,,,0,0,0,0,10,5,0,10013,6430610
SNI-10029.,6/1/2022,Purchase Invoice,10029,PT Forisa Nusapersada,668,Paid,,6/1/2022,Sedati,14,**My Vla Vanilla 60g,,MVL-0001,,0,Karton,254710,0.20%,0,,,0,0,0,0,10,5,0,10013,6430610
SNI-10029.,6/1/2022,Purchase Invoice,10029,PT Forisa Nusapersada,668,Paid,,6/1/2022,Sedati,14,**Perkedelku Original 50g,,PKD-0001,,0,Karton,344400,0.20%,0,,,0,0,0,0,10,5,0,10013,6430610
SNI-10029.,6/1/2022,Purchase Invoice,10029,PT Forisa Nusapersada,668,Paid,,6/1/2022,Sedati,14,**Anget Sari Susu Jahe 25g,,ASR-0001,,0,Karton,178730,0.20%,0,,,0,0,0,0,10,5,0,10013,6430610
SNI-10029.,6/1/2022,Purchase Invoice,10029,PT Forisa Nusapersada,668,Paid,,6/1/2022,Sedati,14,**Pop Ice Vanilla Latte 25g,,POP-0071,,0,Karton,190700,0.20%,0,,,0,0,0,0,10,5,0,10013,6430610
SNI-10029.,6/1/2022,Purchase Invoice,10029,PT Forisa Nusapersada,668,Paid,,6/1/2022,Sedati,14,**Nutrijell Ekonomis Coklat 20gr,,NJL-0007,,0,Karton,257620,0.20%,0,,,0,0,0,0,10,5,0,10013,6430610
SNI-10029.,6/1/2022,Purchase Invoice,10029,PT Forisa Nusapersada,668,Paid,,6/1/2022,Sedati,14,**Pop Ice Mango 25g,,POP-0057,,0,Karton,190700,0.20%,0,,,0,0,0,0,10,5,0,10013,6430610
SNI-10029.,6/1/2022,Purchase Invoice,10029,PT Forisa Nusapersada,668,Paid,,6/1/2022,Sedati,14,**Nutrijell Pudding Susu Belgian Chocolate 145g,,NJL-0045,,0,Karton,228200,0.20%,0,,,0,0,0,0,10,5,0,10013,6430610
SNI-10025.,11/1/2022,Purchase Invoice,10025,PT Forisa Nusapersada,668,Paid,EXP DATE : DEC 2023,11/1/2022,Sedati,14,**Pop Ice Chocolate 25g,,POP-0051,,441,Karton,190700,0.20%,0,,,83930502.6,83930502.6,0,0,10,5,8393050.26,10013,6430610
SNI-10025.,11/1/2022,Purchase Invoice,10025,PT Forisa Nusapersada,668,Paid,EXP DATE : DEC 2023,11/1/2022,Sedati,14,**Pop Ice Thunder Choco Malt 25g,,POP-0052,,0,Karton,190700,0.20%,0,,,0,0,0,0,10,5,0,10013,6430610
SNI-10025.,11/1/2022,Purchase Invoice,10025,PT Forisa Nusapersada,668,Paid,EXP DATE : DEC 2023,11/1/2022,Sedati,14,**Pop Ice Taro 25g,,POP-0053,,50,Karton,190700,0.20%,0,,,9515930,9515930,0,0,10,5,951593,10013,6430610
SNI-10025.,11/1/2022,Purchase Invoice,10025,PT Forisa Nusapersada,668,Paid,EXP DATE : DEC 2023,11/1/2022,Sedati,14,**Pop Ice Vanilla Blue 25g,,POP-0061,,63,Karton,190700,0.20%,0,,,11990071.8,11990071.8,0,0,10,5,1199007.18,10013,6430610
SNI-10025.,11/1/2022,Purchase Invoice,10025,PT Forisa Nusapersada,668,Paid,EXP DATE : DEC 2023,11/1/2022,Sedati,14,**Pop Ice Doger 25g,,POP-0062,,20,Karton,190700,0.20%,0,,,3806372,3806372,0,0,10,5,380637.2,10013,6430610
SNI-10025.,11/1/2022,Purchase Invoice,10025,PT Forisa Nusapersada,668,Paid,EXP DATE : DEC 2023,11/1/2022,Sedati,14,**Pop Ice Permen Karet 25g,,POP-0063,,378,Karton,190700,0.20%,0,,,71940430.8,71940430.8,0,0,10,5,7194043.08,10013,6430610
SNI-10025.,11/1/2022,Purchase Invoice,10025,PT Forisa Nusapersada,668,Paid,EXP DATE : DEC 2023,11/1/2022,Sedati,14,**Pop Ice Avocado 25g,,POP-0055,,189,Karton,190700,0.20%,0,,,35970215.4,35970215.4,0,0,10,5,3597021.54,10013,6430610
SNI-10025.,11/1/2022,Purchase Invoice,10025,PT Forisa Nusapersada,668,Paid,EXP DATE : DEC 2023,11/1/2022,Sedati,14,**Pop Ice Durian 25g,,POP-0066,,50,Karton,190700,0.20%,0,,,9515930,9515930,0,0,10,5,951593,10013,6430610
SNI-10025.,11/1/2022,Purchase Invoice,10025,PT Forisa Nusapersada,668,Paid,EXP DATE : DEC 2023,11/1/2022,Sedati,14,**Pop Ice Anggur 25g,,POP-0078,,46,Karton,190700,0.20%,0,,,8754655.6,8754655.6,0,0,10,5,875465.56,10013,6430610
SNI-10025.,11/1/2022,Purchase Invoice,10025,PT Forisa Nusapersada,668,Paid,EXP DATE : DEC 2023,11/1/2022,Sedati,14,**Pop Ice Melon 25g,,POP-0056,,50,Karton,190700,0.20%,0,,,9515930,9515930,0,0,10,5,951593,10013,6430610
SNI-10025.,11/1/2022,Purchase Invoice,10025,PT Forisa Nusapersada,668,Paid,EXP DATE : DEC 2023,11/1/2022,Sedati,14,**Pop Ice Lychee 25g,,POP-0073,,30,Karton,190700,0.20%,0,,,5709558,5709558,0,0,10,5,570955.8,10013,6430610
SNI-10025.,11/1/2022,Purchase Invoice,10025,PT Forisa Nusapersada,668,Paid,EXP DATE : DEC 2023,11/1/2022,Sedati,14,**Pop Ice Mango 25g,,POP-0057,,0,Karton,190700,0.20%,0,,,0,0,0,0,10,5,0,10013,6430610
SNI-10025.,11/1/2022,Purchase Invoice,10025,PT Forisa Nusapersada,668,Paid,EXP DATE : DEC 2023,11/1/2022,Sedati,14,**Pop Ice Strawberry 25g,,POP-0058,,126,Karton,190700,0.20%,0,,,23980143.6,23980143.6,0,0,10,5,2398014.36,10013,6430610
SNI-10025.,11/1/2022,Purchase Invoice,10025,PT Forisa Nusapersada,668,Paid,EXP DATE : DEC 2023,11/1/2022,Sedati,14,**Pop Ice Yogurt Strawberry 25g,,POP-0075,,50,Karton,190700,0.20%,0,,,9515930,9515930,0,0,10,5,951593,10013,6430610
SNI-10025.,11/1/2022,Purchase Invoice,10025,PT Forisa Nusapersada,668,Paid,EXP DATE : DEC 2023,11/1/2022,Sedati,14,**Anget Sari Wedang Jahe 24g,,ASR-0002,,0,Karton,171700,0.20%,0,,,0,0,0,0,10,5,0,10013,6430610
SNI-10025.,11/1/2022,Purchase Invoice,10025,PT Forisa Nusapersada,668,Paid,EXP DATE : DEC 2023,11/1/2022,Sedati,14,**Agarasa Chocolate 22g - Inner Box,,AGR-0001,,0,Karton,189244,0.20%,0,,,0,0,0,0,10,5,0,10013,6430610
SNI-10025.,11/1/2022,Purchase Invoice,10025,PT Forisa Nusapersada,668,Paid,EXP DATE : DEC 2023,11/1/2022,Sedati,14,**Agarasa Vanilla 10g - Inner Box,,AGR-0006,,0,Karton,160780,0.20%,0,,,0,0,0,0,10,5,0,10013,6430610
SNI-10025.,11/1/2022,Purchase Invoice,10025,PT Forisa Nusapersada,668,Paid,EXP DATE : DEC 2023,11/1/2022,Sedati,14,**Agarasa Melon 10g - Inner Box,,AGR-0004,,0,Karton,160776,0.20%,0,,,0,0,0,0,10,5,0,10013,6430610
SNI-10025.,11/1/2022,Purchase Invoice,10025,PT Forisa Nusapersada,668,Paid,EXP DATE : DEC 2023,11/1/2022,Sedati,14,**Nutrijell Plain 15g,,NJL-0031,,0,Karton,463529,0.20%,0,,,0,0,0,0,10,5,0,10013,6430610
SNI-10025.,11/1/2022,Purchase Invoice,10025,PT Forisa Nusapersada,668,Paid,EXP DATE : DEC 2023,11/1/2022,Sedati,14,**Nutrijell Ekonomis Cincau 10g,,NJL-0033,,0,Karton,176730,0.20%,0,,,0,0,0,0,10,5,0,10013,6430610
SNI-10025.,11/1/2022,Purchase Invoice,10025,PT Forisa Nusapersada,668,Paid,EXP DATE : DEC 2023,11/1/2022,Sedati,14,**Nutrijell Ekonomis Anggur 10g,,NJL-0043,,0,Karton,176730,0.20%,0,,,0,0,0,0,10,5,0,10013,6430610
SNI-10025.,11/1/2022,Purchase Invoice,10025,PT Forisa Nusapersada,668,Paid,EXP DATE : DEC 2023,11/1/2022,Sedati,14,**Nutrijell Ekonomis Jambu 10g,,NJL-0034,,0,Karton,176730,0.20%,0,,,0,0,0,0,10,5,0,10013,6430610
SNI-10025.,11/1/2022,Purchase Invoice,10025,PT Forisa Nusapersada,668,Paid,EXP DATE : DEC 2023,11/1/2022,Sedati,14,**Nutrijell Ekonomis Jeruk 10g,,NJL-0038,,0,Karton,176730,0.20%,0,,,0,0,0,0,10,5,0,10013,6430610
SNI-10025.,11/1/2022,Purchase Invoice,10025,PT Forisa Nusapersada,668,Paid,EXP DATE : DEC 2023,11/1/2022,Sedati,14,**Nutrijell Ekonomis Strawberry 10g,,NJL-0039,,0,Karton,176730,0.20%,0,,,0,0,0,0,10,5,0,10013,6430610
SNI-10025.,11/1/2022,Purchase Invoice,10025,PT Forisa Nusapersada,668,Paid,EXP DATE : DEC 2023,11/1/2022,Sedati,14,**Nutrijell Ekonomis Plain 10g,,NJL-0040,,0,Karton,176730,0.20%,0,,,0,0,0,0,10,5,0,10013,6430610
SNI-10025.,11/1/2022,Purchase Invoice,10025,PT Forisa Nusapersada,668,Paid,EXP DATE : DEC 2023,11/1/2022,Sedati,14,**Nutrijell Pudding Susu Vanilla 140g,,NJL-0016,,0,Karton,210950,0.20%,0,,,0,0,0,0,10,5,0,10013,6430610
SNI-10025.,11/1/2022,Purchase Invoice,10025,PT Forisa Nusapersada,668,Paid,EXP DATE : DEC 2023,11/1/2022,Sedati,14,**Nutrijell Pudding Susu Melon 145g,,NJL-0017,,0,Karton,210950,0.20%,0,,,0,0,0,0,10,5,0,10013,6430610
SNI-10025.,11/1/2022,Purchase Invoice,10025,PT Forisa Nusapersada,668,Paid,EXP DATE : DEC 2023,11/1/2022,Sedati,14,**Nutrijell Pudding Susu Mangga 130g,,NJL-0018,,0,Karton,210950,0.20%,0,,,0,0,0,0,10,5,0,10013,6430610
SNI-10025.,11/1/2022,Purchase Invoice,10025,PT Forisa Nusapersada,668,Paid,EXP DATE : DEC 2023,11/1/2022,Sedati,14,**Nutrijell Pudding Susu Strawberry 145g,,NJL-0019,,0,Karton,210950,0.20%,0,,,0,0,0,0,10,5,0,10013,6430610
SNI-10025.,11/1/2022,Purchase Invoice,10025,PT Forisa Nusapersada,668,Paid,EXP DATE : DEC 2023,11/1/2022,Sedati,14,**Nutrijell Pudding Santan Pandan 130g,,NJL-0020,,0,Karton,210950,0.20%,0,,,0,0,0,0,10,5,0,10013,6430610
SNI-10025.,11/1/2022,Purchase Invoice,10025,PT Forisa Nusapersada,668,Paid,EXP DATE : DEC 2023,11/1/2022,Sedati,14,**Nutrijell Pudding Lapis Gula Jawa 100g,,NJL-0021,,0,Karton,210950,0.20%,0,,,0,0,0,0,10,5,0,10013,6430610
SNI-10025.,11/1/2022,Purchase Invoice,10025,PT Forisa Nusapersada,668,Paid,EXP DATE : DEC 2023,11/1/2022,Sedati,14,**Nutrijell Pudding Lapis Cocopandan 110g,,NJL-0022,,0,Karton,210950,0.20%,0,,,0,0,0,0,10,5,0,10013,6430610
SNI-10025.,11/1/2022,Purchase Invoice,10025,PT Forisa Nusapersada,668,Paid,EXP DATE : DEC 2023,11/1/2022,Sedati,14,**Silky Pudding Biscuit 155g,,SPD-0006,,0,Karton,112440,0.20%,0,,,0,0,0,0,10,5,0,10013,6430610
SNI-10025.,11/1/2022,Purchase Invoice,10025,PT Forisa Nusapersada,668,Paid,EXP DATE : DEC 2023,11/1/2022,Sedati,14,**Silky Pudding Chocolate 155g,,SPD-0005,,0,Karton,112440,0.20%,0,,,0,0,0,0,10,5,0,10013,6430610
SNI-10025.,11/1/2022,Purchase Invoice,10025,PT Forisa Nusapersada,668,Paid,EXP DATE : DEC 2023,11/1/2022,Sedati,14,**Silky Pudding Taro 155g,,SPD-0004,,0,Karton,112440,0.20%,0,,,0,0,0,0,10,5,0,10013,6430610
SNI-10025.,11/1/2022,Purchase Invoice,10025,PT Forisa Nusapersada,668,Paid,EXP DATE : DEC 2023,11/1/2022,Sedati,14,**Silky Pudding Gummy 155g,,SPD-0003,,0,Karton,112440,0.20%,0,,,0,0,0,0,10,5,0,10013,6430610
SNI-10025.,11/1/2022,Purchase Invoice,10025,PT Forisa Nusapersada,668,Paid,EXP DATE : DEC 2023,11/1/2022,Sedati,14,**Silky Pudding Avocado 155g,,SPD-0002,,0,Karton,112440,0.20%,0,,,0,0,0,0,10,5,0,10013,6430610
SNI-10025.,11/1/2022,Purchase Invoice,10025,PT Forisa Nusapersada,668,Paid,EXP DATE : DEC 2023,11/1/2022,Sedati,14,**Silky Pudding Peach 155g,,SPD-0001,,0,Karton,112440,0.20%,0,,,0,0,0,0,10,5,0,10013,6430610
SNI-10025.,11/1/2022,Purchase Invoice,10025,PT Forisa Nusapersada,668,Paid,EXP DATE : DEC 2023,11/1/2022,Sedati,14,**My Vla Chocolate 63g,,MVL-0002,,0,Karton,254710,0.20%,0,,,0,0,0,0,10,5,0,10013,6430610
SNI-10025.,11/1/2022,Purchase Invoice,10025,PT Forisa Nusapersada,668,Paid,EXP DATE : DEC 2023,11/1/2022,Sedati,14,**My Vla Vanilla 60g,,MVL-0001,,0,Karton,254710,0.20%,0,,,0,0,0,0,10,5,0,10013,6430610
SNI-10025.,11/1/2022,Purchase Invoice,10025,PT Forisa Nusapersada,668,Paid,EXP DATE : DEC 2023,11/1/2022,Sedati,14,**Perkedelku Original 50g,,PKD-0001,,0,Karton,344400,0.20%,0,,,0,0,0,0,10,5,0,10013,6430610
SNI-10025.,11/1/2022,Purchase Invoice,10025,PT Forisa Nusapersada,668,Paid,EXP DATE : DEC 2023,11/1/2022,Sedati,14,**Anget Sari Susu Jahe 25g,,ASR-0001,,0,Karton,178730,0.20%,0,,,0,0,0,0,10,5,0,10013,6430610
SNI-10025.,11/1/2022,Purchase Invoice,10025,PT Forisa Nusapersada,668,Paid,EXP DATE : DEC 2023,11/1/2022,Sedati,14,**Pop Ice Vanilla Latte 25g,,POP-0071,,54,Karton,190700,0.20%,0,,,10277204.4,10277204.4,0,0,10,5,1027720.44,10013,6430610
SNI-10025.,11/1/2022,Purchase Invoice,10025,PT Forisa Nusapersada,668,Paid,EXP DATE : DEC 2023,11/1/2022,Sedati,14,**Nutrijell Ekonomis Coklat 20gr,,NJL-0007,,0,Karton,257620,0.20%,0,,,0,0,0,0,10,5,0,10013,6430610
SNI-10025.,11/1/2022,Purchase Invoice,10025,PT Forisa Nusapersada,668,Paid,EXP DATE : DEC 2023,11/1/2022,Sedati,14,**Pop Ice Mango 25g,,POP-0057,,434,Karton,190700,0.20%,0,,,82598272.4,82598272.4,0,0,10,5,8259827.24,10013,6430610
SNI-10025.,11/1/2022,Purchase Invoice,10025,PT Forisa Nusapersada,668,Paid,EXP DATE : DEC 2023,11/1/2022,Sedati,14,**Nutrijell Pudding Susu Belgian Chocolate 145g,,NJL-0045,,0,Karton,228200,0.20%,0,,,0,0,0,0,10,5,0,10013,6430610
SNI-10026.,11/1/2022,Purchase Invoice,10026,PT Forisa Nusapersada,668,Paid,EXP DATE : NOV 2023,11/1/2022,Sedati,14,**Pop Ice Chocolate 25g,,POP-0051,,0,Karton,190700,0.20%,0,,,0,0,0,0,10,5,0,10013,6430610
SNI-10026.,11/1/2022,Purchase Invoice,10026,PT Forisa Nusapersada,668,Paid,EXP DATE : NOV 2023,11/1/2022,Sedati,14,**Pop Ice Thunder Choco Malt 25g,,POP-0052,,0,Karton,190700,0.20%,0,,,0,0,0,0,10,5,0,10013,6430610
SNI-10026.,11/1/2022,Purchase Invoice,10026,PT Forisa Nusapersada,668,Paid,EXP DATE : NOV 2023,11/1/2022,Sedati,14,**Pop Ice Taro 25g,,POP-0053,,0,Karton,190700,0.20%,0,,,0,0,0,0,10,5,0,10013,6430610
SNI-10026.,11/1/2022,Purchase Invoice,10026,PT Forisa Nusapersada,668,Paid,EXP DATE : NOV 2023,11/1/2022,Sedati,14,**Pop Ice Vanilla Blue 25g,,POP-0061,,0,Karton,190700,0.20%,0,,,0,0,0,0,10,5,0,10013,6430610
SNI-10026.,11/1/2022,Purchase Invoice,10026,PT Forisa Nusapersada,668,Paid,EXP DATE : NOV 2023,11/1/2022,Sedati,14,**Pop Ice Doger 25g,,POP-0062,,0,Karton,190700,0.20%,0,,,0,0,0,0,10,5,0,10013,6430610
SNI-10026.,11/1/2022,Purchase Invoice,10026,PT Forisa Nusapersada,668,Paid,EXP DATE : NOV 2023,11/1/2022,Sedati,14,**Pop Ice Permen Karet 25g,,POP-0063,,0,Karton,190700,0.20%,0,,,0,0,0,0,10,5,0,10013,6430610
SNI-10026.,11/1/2022,Purchase Invoice,10026,PT Forisa Nusapersada,668,Paid,EXP DATE : NOV 2023,11/1/2022,Sedati,14,**Pop Ice Avocado 25g,,POP-0055,,0,Karton,190700,0.20%,0,,,0,0,0,0,10,5,0,10013,6430610
SNI-10026.,11/1/2022,Purchase Invoice,10026,PT Forisa Nusapersada,668,Paid,EXP DATE : NOV 2023,11/1/2022,Sedati,14,**Pop Ice Durian 25g,,POP-0066,,0,Karton,190700,0.20%,0,,,0,0,0,0,10,5,0,10013,6430610
SNI-10026.,11/1/2022,Purchase Invoice,10026,PT Forisa Nusapersada,668,Paid,EXP DATE : NOV 2023,11/1/2022,Sedati,14,**Pop Ice Anggur 25g,,POP-0078,,0,Karton,190700,0.20%,0,,,0,0,0,0,10,5,0,10013,6430610
SNI-10026.,11/1/2022,Purchase Invoice,10026,PT Forisa Nusapersada,668,Paid,EXP DATE : NOV 2023,11/1/2022,Sedati,14,**Pop Ice Melon 25g,,POP-0056,,0,Karton,190700,0.20%,0,,,0,0,0,0,10,5,0,10013,6430610
SNI-10026.,11/1/2022,Purchase Invoice,10026,PT Forisa Nusapersada,668,Paid,EXP DATE : NOV 2023,11/1/2022,Sedati,14,**Pop Ice Lychee 25g,,POP-0073,,0,Karton,190700,0.20%,0,,,0,0,0,0,10,5,0,10013,6430610
SNI-10026.,11/1/2022,Purchase Invoice,10026,PT Forisa Nusapersada,668,Paid,EXP DATE : NOV 2023,11/1/2022,Sedati,14,**Pop Ice Mango 25g,,POP-0057,,0,Karton,190700,0.20%,0,,,0,0,0,0,10,5,0,10013,6430610
SNI-10026.,11/1/2022,Purchase Invoice,10026,PT Forisa Nusapersada,668,Paid,EXP DATE : NOV 2023,11/1/2022,Sedati,14,**Pop Ice Strawberry 25g,,POP-0058,,0,Karton,190700,0.20%,0,,,0,0,0,0,10,5,0,10013,6430610
SNI-10026.,11/1/2022,Purchase Invoice,10026,PT Forisa Nusapersada,668,Paid,EXP DATE : NOV 2023,11/1/2022,Sedati,14,**Pop Ice Yogurt Strawberry 25g,,POP-0075,,0,Karton,190700,0.20%,0,,,0,0,0,0,10,5,0,10013,6430610
SNI-10026.,11/1/2022,Purchase Invoice,10026,PT Forisa Nusapersada,668,Paid,EXP DATE : NOV 2023,11/1/2022,Sedati,14,**Anget Sari Wedang Jahe 24g,,ASR-0002,,48,Karton,171700,0.20%,0,,,8225116.8,8225116.8,0,0,10,5,822511.68,10013,6430610
SNI-10026.,11/1/2022,Purchase Invoice,10026,PT Forisa Nusapersada,668,Paid,EXP DATE : NOV 2023,11/1/2022,Sedati,14,**Agarasa Chocolate 22g - Inner Box,,AGR-0001,,0,Karton,189244,0.20%,0,,,0,0,0,0,10,5,0,10013,6430610
SNI-10026.,11/1/2022,Purchase Invoice,10026,PT Forisa Nusapersada,668,Paid,EXP DATE : NOV 2023,11/1/2022,Sedati,14,**Agarasa Vanilla 10g - Inner Box,,AGR-0006,,0,Karton,160780,0.20%,0,,,0,0,0,0,10,5,0,10013,6430610
SNI-10026.,11/1/2022,Purchase Invoice,10026,PT Forisa Nusapersada,668,Paid,EXP DATE : NOV 2023,11/1/2022,Sedati,14,**Agarasa Melon 10g - Inner Box,,AGR-0004,,0,Karton,160776,0.20%,0,,,0,0,0,0,10,5,0,10013,6430610
SNI-10026.,11/1/2022,Purchase Invoice,10026,PT Forisa Nusapersada,668,Paid,EXP DATE : NOV 2023,11/1/2022,Sedati,14,**Nutrijell Plain 15g,,NJL-0031,,0,Karton,463529,0.20%,0,,,0,0,0,0,10,5,0,10013,6430610
SNI-10026.,11/1/2022,Purchase Invoice,10026,PT Forisa Nusapersada,668,Paid,EXP DATE : NOV 2023,11/1/2022,Sedati,14,**Nutrijell Ekonomis Cincau 10g,,NJL-0033,,0,Karton,176730,0.20%,0,,,0,0,0,0,10,5,0,10013,6430610
SNI-10026.,11/1/2022,Purchase Invoice,10026,PT Forisa Nusapersada,668,Paid,EXP DATE : NOV 2023,11/1/2022,Sedati,14,**Nutrijell Ekonomis Anggur 10g,,NJL-0043,,0,Karton,176730,0.20%,0,,,0,0,0,0,10,5,0,10013,6430610
SNI-10026.,11/1/2022,Purchase Invoice,10026,PT Forisa Nusapersada,668,Paid,EXP DATE : NOV 2023,11/1/2022,Sedati,14,**Nutrijell Ekonomis Jambu 10g,,NJL-0034,,0,Karton,176730,0.20%,0,,,0,0,0,0,10,5,0,10013,6430610
SNI-10026.,11/1/2022,Purchase Invoice,10026,PT Forisa Nusapersada,668,Paid,EXP DATE : NOV 2023,11/1/2022,Sedati,14,**Nutrijell Ekonomis Jeruk 10g,,NJL-0038,,0,Karton,176730,0.20%,0,,,0,0,0,0,10,5,0,10013,6430610
SNI-10026.,11/1/2022,Purchase Invoice,10026,PT Forisa Nusapersada,668,Paid,EXP DATE : NOV 2023,11/1/2022,Sedati,14,**Nutrijell Ekonomis Strawberry 10g,,NJL-0039,,0,Karton,176730,0.20%,0,,,0,0,0,0,10,5,0,10013,6430610
SNI-10026.,11/1/2022,Purchase Invoice,10026,PT Forisa Nusapersada,668,Paid,EXP DATE : NOV 2023,11/1/2022,Sedati,14,**Nutrijell Ekonomis Plain 10g,,NJL-0040,,0,Karton,176730,0.20%,0,,,0,0,0,0,10,5,0,10013,6430610
SNI-10026.,11/1/2022,Purchase Invoice,10026,PT Forisa Nusapersada,668,Paid,EXP DATE : NOV 2023,11/1/2022,Sedati,14,**Nutrijell Pudding Susu Vanilla 140g,,NJL-0016,,0,Karton,210950,0.20%,0,,,0,0,0,0,10,5,0,10013,6430610
SNI-10026.,11/1/2022,Purchase Invoice,10026,PT Forisa Nusapersada,668,Paid,EXP DATE : NOV 2023,11/1/2022,Sedati,14,**Nutrijell Pudding Susu Melon 145g,,NJL-0017,,0,Karton,210950,0.20%,0,,,0,0,0,0,10,5,0,10013,6430610
SNI-10026.,11/1/2022,Purchase Invoice,10026,PT Forisa Nusapersada,668,Paid,EXP DATE : NOV 2023,11/1/2022,Sedati,14,**Nutrijell Pudding Susu Mangga 130g,,NJL-0018,,0,Karton,210950,0.20%,0,,,0,0,0,0,10,5,0,10013,6430610
SNI-10026.,11/1/2022,Purchase Invoice,10026,PT Forisa Nusapersada,668,Paid,EXP DATE : NOV 2023,11/1/2022,Sedati,14,**Nutrijell Pudding Susu Strawberry 145g,,NJL-0019,,0,Karton,210950,0.20%,0,,,0,0,0,0,10,5,0,10013,6430610
SNI-10026.,11/1/2022,Purchase Invoice,10026,PT Forisa Nusapersada,668,Paid,EXP DATE : NOV 2023,11/1/2022,Sedati,14,**Nutrijell Pudding Santan Pandan 130g,,NJL-0020,,0,Karton,210950,0.20%,0,,,0,0,0,0,10,5,0,10013,6430610
SNI-10026.,11/1/2022,Purchase Invoice,10026,PT Forisa Nusapersada,668,Paid,EXP DATE : NOV 2023,11/1/2022,Sedati,14,**Nutrijell Pudding Lapis Gula Jawa 100g,,NJL-0021,,0,Karton,210950,0.20%,0,,,0,0,0,0,10,5,0,10013,6430610
SNI-10026.,11/1/2022,Purchase Invoice,10026,PT Forisa Nusapersada,668,Paid,EXP DATE : NOV 2023,11/1/2022,Sedati,14,**Nutrijell Pudding Lapis Cocopandan 110g,,NJL-0022,,0,Karton,210950,0.20%,0,,,0,0,0,0,10,5,0,10013,6430610
SNI-10026.,11/1/2022,Purchase Invoice,10026,PT Forisa Nusapersada,668,Paid,EXP DATE : NOV 2023,11/1/2022,Sedati,14,**Silky Pudding Biscuit 155g,,SPD-0006,,0,Karton,112440,0.20%,0,,,0,0,0,0,10,5,0,10013,6430610
SNI-10026.,11/1/2022,Purchase Invoice,10026,PT Forisa Nusapersada,668,Paid,EXP DATE : NOV 2023,11/1/2022,Sedati,14,**Silky Pudding Chocolate 155g,,SPD-0005,,0,Karton,112440,0.20%,0,,,0,0,0,0,10,5,0,10013,6430610
SNI-10026.,11/1/2022,Purchase Invoice,10026,PT Forisa Nusapersada,668,Paid,EXP DATE : NOV 2023,11/1/2022,Sedati,14,**Silky Pudding Taro 155g,,SPD-0004,,0,Karton,112440,0.20%,0,,,0,0,0,0,10,5,0,10013,6430610
SNI-10026.,11/1/2022,Purchase Invoice,10026,PT Forisa Nusapersada,668,Paid,EXP DATE : NOV 2023,11/1/2022,Sedati,14,**Silky Pudding Gummy 155g,,SPD-0003,,0,Karton,112440,0.20%,0,,,0,0,0,0,10,5,0,10013,6430610
SNI-10026.,11/1/2022,Purchase Invoice,10026,PT Forisa Nusapersada,668,Paid,EXP DATE : NOV 2023,11/1/2022,Sedati,14,**Silky Pudding Avocado 155g,,SPD-0002,,0,Karton,112440,0.20%,0,,,0,0,0,0,10,5,0,10013,6430610
SNI-10026.,11/1/2022,Purchase Invoice,10026,PT Forisa Nusapersada,668,Paid,EXP DATE : NOV 2023,11/1/2022,Sedati,14,**Silky Pudding Peach 155g,,SPD-0001,,0,Karton,112440,0.20%,0,,,0,0,0,0,10,5,0,10013,6430610
SNI-10026.,11/1/2022,Purchase Invoice,10026,PT Forisa Nusapersada,668,Paid,EXP DATE : NOV 2023,11/1/2022,Sedati,14,**My Vla Chocolate 63g,,MVL-0002,,0,Karton,254710,0.20%,0,,,0,0,0,0,10,5,0,10013,6430610
SNI-10026.,11/1/2022,Purchase Invoice,10026,PT Forisa Nusapersada,668,Paid,EXP DATE : NOV 2023,11/1/2022,Sedati,14,**My Vla Vanilla 60g,,MVL-0001,,0,Karton,254710,0.20%,0,,,0,0,0,0,10,5,0,10013,6430610
SNI-10026.,11/1/2022,Purchase Invoice,10026,PT Forisa Nusapersada,668,Paid,EXP DATE : NOV 2023,11/1/2022,Sedati,14,**Perkedelku Original 50g,,PKD-0001,,0,Karton,344400,0.20%,0,,,0,0,0,0,10,5,0,10013,6430610
SNI-10026.,11/1/2022,Purchase Invoice,10026,PT Forisa Nusapersada,668,Paid,EXP DATE : NOV 2023,11/1/2022,Sedati,14,**Anget Sari Susu Jahe 25g,,ASR-0001,,50,Karton,178730,0.20%,0,,,8918627,8918627,0,0,10,5,891862.7,10013,6430610
SNI-10026.,11/1/2022,Purchase Invoice,10026,PT Forisa Nusapersada,668,Paid,EXP DATE : NOV 2023,11/1/2022,Sedati,14,**Pop Ice Vanilla Latte 25g,,POP-0071,,0,Karton,190700,0.20%,0,,,0,0,0,0,10,5,0,10013,6430610
SNI-10026.,11/1/2022,Purchase Invoice,10026,PT Forisa Nusapersada,668,Paid,EXP DATE : NOV 2023,11/1/2022,Sedati,14,**Nutrijell Ekonomis Coklat 20gr,,NJL-0007,,0,Karton,257620,0.20%,0,,,0,0,0,0,10,5,0,10013,6430610
SNI-10026.,11/1/2022,Purchase Invoice,10026,PT Forisa Nusapersada,668,Paid,EXP DATE : NOV 2023,11/1/2022,Sedati,14,**Pop Ice Mango 25g,,POP-0057,,0,Karton,190700,0.20%,0,,,0,0,0,0,10,5,0,10013,6430610
SNI-10026.,11/1/2022,Purchase Invoice,10026,PT Forisa Nusapersada,668,Paid,EXP DATE : NOV 2023,11/1/2022,Sedati,14,**Nutrijell Pudding Susu Belgian Chocolate 145g,,NJL-0045,,0,Karton,228200,0.20%,0,,,0,0,0,0,10,5,0,10013,6430610
SNI-10027.,11/1/2022,Purchase Invoice,10027,PT Forisa Nusapersada,668,Paid,,11/1/2022,Sedati,14,**Pop Ice Chocolate 25g,,POP-0051,,0,Karton,190700,0.20%,0,,,0,0,0,0,10,5,0,10013,6430610
SNI-10027.,11/1/2022,Purchase Invoice,10027,PT Forisa Nusapersada,668,Paid,,11/1/2022,Sedati,14,**Pop Ice Thunder Choco Malt 25g,,POP-0052,,0,Karton,190700,0.20%,0,,,0,0,0,0,10,5,0,10013,6430610
SNI-10027.,11/1/2022,Purchase Invoice,10027,PT Forisa Nusapersada,668,Paid,,11/1/2022,Sedati,14,**Pop Ice Taro 25g,,POP-0053,,0,Karton,190700,0.20%,0,,,0,0,0,0,10,5,0,10013,6430610
SNI-10027.,11/1/2022,Purchase Invoice,10027,PT Forisa Nusapersada,668,Paid,,11/1/2022,Sedati,14,**Pop Ice Vanilla Blue 25g,,POP-0061,,0,Karton,190700,0.20%,0,,,0,0,0,0,10,5,0,10013,6430610
SNI-10027.,11/1/2022,Purchase Invoice,10027,PT Forisa Nusapersada,668,Paid,,11/1/2022,Sedati,14,**Pop Ice Doger 25g,,POP-0062,,0,Karton,190700,0.20%,0,,,0,0,0,0,10,5,0,10013,6430610
SNI-10027.,11/1/2022,Purchase Invoice,10027,PT Forisa Nusapersada,668,Paid,,11/1/2022,Sedati,14,**Pop Ice Permen Karet 25g,,POP-0063,,0,Karton,190700,0.20%,0,,,0,0,0,0,10,5,0,10013,6430610
SNI-10027.,11/1/2022,Purchase Invoice,10027,PT Forisa Nusapersada,668,Paid,,11/1/2022,Sedati,14,**Pop Ice Avocado 25g,,POP-0055,,0,Karton,190700,0.20%,0,,,0,0,0,0,10,5,0,10013,6430610
SNI-10027.,11/1/2022,Purchase Invoice,10027,PT Forisa Nusapersada,668,Paid,,11/1/2022,Sedati,14,**Pop Ice Durian 25g,,POP-0066,,0,Karton,190700,0.20%,0,,,0,0,0,0,10,5,0,10013,6430610
SNI-10027.,11/1/2022,Purchase Invoice,10027,PT Forisa Nusapersada,668,Paid,,11/1/2022,Sedati,14,**Pop Ice Anggur 25g,,POP-0078,,0,Karton,190700,0.20%,0,,,0,0,0,0,10,5,0,10013,6430610
SNI-10027.,11/1/2022,Purchase Invoice,10027,PT Forisa Nusapersada,668,Paid,,11/1/2022,Sedati,14,**Pop Ice Melon 25g,,POP-0056,,0,Karton,190700,0.20%,0,,,0,0,0,0,10,5,0,10013,6430610
SNI-10027.,11/1/2022,Purchase Invoice,10027,PT Forisa Nusapersada,668,Paid,,11/1/2022,Sedati,14,**Pop Ice Lychee 25g,,POP-0073,,0,Karton,190700,0.20%,0,,,0,0,0,0,10,5,0,10013,6430610
SNI-10027.,11/1/2022,Purchase Invoice,10027,PT Forisa Nusapersada,668,Paid,,11/1/2022,Sedati,14,**Pop Ice Mango 25g,,POP-0057,,0,Karton,190700,0.20%,0,,,0,0,0,0,10,5,0,10013,6430610
SNI-10027.,11/1/2022,Purchase Invoice,10027,PT Forisa Nusapersada,668,Paid,,11/1/2022,Sedati,14,**Pop Ice Strawberry 25g,,POP-0058,,0,Karton,190700,0.20%,0,,,0,0,0,0,10,5,0,10013,6430610
SNI-10027.,11/1/2022,Purchase Invoice,10027,PT Forisa Nusapersada,668,Paid,,11/1/2022,Sedati,14,**Pop Ice Yogurt Strawberry 25g,,POP-0075,,0,Karton,190700,0.20%,0,,,0,0,0,0,10,5,0,10013,6430610
SNI-10027.,11/1/2022,Purchase Invoice,10027,PT Forisa Nusapersada,668,Paid,,11/1/2022,Sedati,14,**Anget Sari Wedang Jahe 24g,,ASR-0002,,0,Karton,171700,0.20%,0,,,0,0,0,0,10,5,0,10013,6430610
SNI-10027.,11/1/2022,Purchase Invoice,10027,PT Forisa Nusapersada,668,Paid,,11/1/2022,Sedati,14,**Agarasa Chocolate 22g - Inner Box,,AGR-0001,,15,Karton,189244,0.20%,0,,,2832982.68,2832982.68,0,0,10,5,283298.268,10013,6430610
SNI-10027.,11/1/2022,Purchase Invoice,10027,PT Forisa Nusapersada,668,Paid,,11/1/2022,Sedati,14,**Agarasa Vanilla 10g - Inner Box,,AGR-0006,,0,Karton,160780,0.20%,0,,,0,0,0,0,10,5,0,10013,6430610
SNI-10027.,11/1/2022,Purchase Invoice,10027,PT Forisa Nusapersada,668,Paid,,11/1/2022,Sedati,14,**Agarasa Melon 10g - Inner Box,,AGR-0004,,5,Karton,160776,0.20%,0,,,802272.24,802272.24,0,0,10,5,80227.224,10013,6430610
SNI-10027.,11/1/2022,Purchase Invoice,10027,PT Forisa Nusapersada,668,Paid,,11/1/2022,Sedati,14,**Nutrijell Plain 15g,,NJL-0031,,10,Karton,463529,0.20%,0,,,4626019.42,4626019.42,0,0,10,5,462601.942,10013,6430610
SNI-10027.,11/1/2022,Purchase Invoice,10027,PT Forisa Nusapersada,668,Paid,,11/1/2022,Sedati,14,**Nutrijell Ekonomis Cincau 10g,,NJL-0033,,10,Karton,176730,0.20%,0,,,1763765.4,1763765.4,0,0,10,5,176376.54,10013,6430610
SNI-10027.,11/1/2022,Purchase Invoice,10027,PT Forisa Nusapersada,668,Paid,,11/1/2022,Sedati,14,**Nutrijell Ekonomis Anggur 10g,,NJL-0043,,5,Karton,176730,0.20%,0,,,881882.7,881882.7,0,0,10,5,88188.27,10013,6430610
SNI-10027.,11/1/2022,Purchase Invoice,10027,PT Forisa Nusapersada,668,Paid,,11/1/2022,Sedati,14,**Nutrijell Ekonomis Jambu 10g,,NJL-0034,,5,Karton,176730,0.20%,0,,,881882.7,881882.7,0,0,10,5,88188.27,10013,6430610
SNI-10027.,11/1/2022,Purchase Invoice,10027,PT Forisa Nusapersada,668,Paid,,11/1/2022,Sedati,14,**Nutrijell Ekonomis Jeruk 10g,,NJL-0038,,15,Karton,176730,0.20%,0,,,2645648.1,2645648.1,0,0,10,5,264564.81,10013,6430610
SNI-10027.,11/1/2022,Purchase Invoice,10027,PT Forisa Nusapersada,668,Paid,,11/1/2022,Sedati,14,**Nutrijell Ekonomis Strawberry 10g,,NJL-0039,,50,Karton,176730,0.20%,0,,,8818827,8818827,0,0,10,5,881882.7,10013,6430610
SNI-10027.,11/1/2022,Purchase Invoice,10027,PT Forisa Nusapersada,668,Paid,,11/1/2022,Sedati,14,**Nutrijell Ekonomis Plain 10g,,NJL-0040,,0,Karton,176730,0.20%,0,,,0,0,0,0,10,5,0,10013,6430610
SNI-10027.,11/1/2022,Purchase Invoice,10027,PT Forisa Nusapersada,668,Paid,,11/1/2022,Sedati,14,**Nutrijell Pudding Susu Vanilla 140g,,NJL-0016,,5,Karton,210950,0.20%,0,,,1052640.5,1052640.5,0,0,10,5,105264.05,10013,6430610
SNI-10027.,11/1/2022,Purchase Invoice,10027,PT Forisa Nusapersada,668,Paid,,11/1/2022,Sedati,14,**Nutrijell Pudding Susu Melon 145g,,NJL-0017,,5,Karton,210950,0.20%,0,,,1052640.5,1052640.5,0,0,10,5,105264.05,10013,6430610
SNI-10027.,11/1/2022,Purchase Invoice,10027,PT Forisa Nusapersada,668,Paid,,11/1/2022,Sedati,14,**Nutrijell Pudding Susu Mangga 130g,,NJL-0018,,5,Karton,210950,0.20%,0,,,1052640.5,1052640.5,0,0,10,5,105264.05,10013,6430610
SNI-10027.,11/1/2022,Purchase Invoice,10027,PT Forisa Nusapersada,668,Paid,,11/1/2022,Sedati,14,**Nutrijell Pudding Susu Strawberry 145g,,NJL-0019,,15,Karton,210950,0.20%,0,,,3157921.5,3157921.5,0,0,10,5,315792.15,10013,6430610
SNI-10027.,11/1/2022,Purchase Invoice,10027,PT Forisa Nusapersada,668,Paid,,11/1/2022,Sedati,14,**Nutrijell Pudding Santan Pandan 130g,,NJL-0020,,5,Karton,210950,0.20%,0,,,1052640.5,1052640.5,0,0,10,5,105264.05,10013,6430610
SNI-10027.,11/1/2022,Purchase Invoice,10027,PT Forisa Nusapersada,668,Paid,,11/1/2022,Sedati,14,**Nutrijell Pudding Lapis Gula Jawa 100g,,NJL-0021,,5,Karton,210950,0.20%,0,,,1052640.5,1052640.5,0,0,10,5,105264.05,10013,6430610
SNI-10027.,11/1/2022,Purchase Invoice,10027,PT Forisa Nusapersada,668,Paid,,11/1/2022,Sedati,14,**Nutrijell Pudding Lapis Cocopandan 110g,,NJL-0022,,5,Karton,210950,0.20%,0,,,1052640.5,1052640.5,0,0,10,5,105264.05,10013,6430610
SNI-10027.,11/1/2022,Purchase Invoice,10027,PT Forisa Nusapersada,668,Paid,,11/1/2022,Sedati,14,**Silky Pudding Biscuit 155g,,SPD-0006,,5,Karton,112440,0.20%,0,,,561075.6,561075.6,0,0,10,5,56107.56,10013,6430610
SNI-10027.,11/1/2022,Purchase Invoice,10027,PT Forisa Nusapersada,668,Paid,,11/1/2022,Sedati,14,**Silky Pudding Chocolate 155g,,SPD-0005,,5,Karton,112440,0.20%,0,,,561075.6,561075.6,0,0,10,5,56107.56,10013,6430610
SNI-10027.,11/1/2022,Purchase Invoice,10027,PT Forisa Nusapersada,668,Paid,,11/1/2022,Sedati,14,**Silky Pudding Taro 155g,,SPD-0004,,5,Karton,112440,0.20%,0,,,561075.6,561075.6,0,0,10,5,56107.56,10013,6430610
SNI-10027.,11/1/2022,Purchase Invoice,10027,PT Forisa Nusapersada,668,Paid,,11/1/2022,Sedati,14,**Silky Pudding Gummy 155g,,SPD-0003,,5,Karton,112440,0.20%,0,,,561075.6,561075.6,0,0,10,5,56107.56,10013,6430610
SNI-10027.,11/1/2022,Purchase Invoice,10027,PT Forisa Nusapersada,668,Paid,,11/1/2022,Sedati,14,**Silky Pudding Avocado 155g,,SPD-0002,,5,Karton,112440,0.20%,0,,,561075.6,561075.6,0,0,10,5,56107.56,10013,6430610
SNI-10027.,11/1/2022,Purchase Invoice,10027,PT Forisa Nusapersada,668,Paid,,11/1/2022,Sedati,14,**Silky Pudding Peach 155g,,SPD-0001,,5,Karton,112440,0.20%,0,,,561075.6,561075.6,0,0,10,5,56107.56,10013,6430610
SNI-10027.,11/1/2022,Purchase Invoice,10027,PT Forisa Nusapersada,668,Paid,,11/1/2022,Sedati,14,**My Vla Chocolate 63g,,MVL-0002,,0,Karton,254710,0.20%,0,,,0,0,0,0,10,5,0,10013,6430610
SNI-10027.,11/1/2022,Purchase Invoice,10027,PT Forisa Nusapersada,668,Paid,,11/1/2022,Sedati,14,**My Vla Vanilla 60g,,MVL-0001,,20,Karton,254710,0.20%,0,,,5084011.6,5084011.6,0,0,10,5,508401.16,10013,6430610
SNI-10027.,11/1/2022,Purchase Invoice,10027,PT Forisa Nusapersada,668,Paid,,11/1/2022,Sedati,14,**Perkedelku Original 50g,,PKD-0001,,5,Karton,344400,0.20%,0,,,1718556,1718556,0,0,10,5,171855.6,10013,6430610
SNI-10027.,11/1/2022,Purchase Invoice,10027,PT Forisa Nusapersada,668,Paid,,11/1/2022,Sedati,14,**Anget Sari Susu Jahe 25g,,ASR-0001,,0,Karton,178730,0.20%,0,,,0,0,0,0,10,5,0,10013,6430610
SNI-10027.,11/1/2022,Purchase Invoice,10027,PT Forisa Nusapersada,668,Paid,,11/1/2022,Sedati,14,**Pop Ice Vanilla Latte 25g,,POP-0071,,0,Karton,190700,0.20%,0,,,0,0,0,0,10,5,0,10013,6430610
SNI-10027.,11/1/2022,Purchase Invoice,10027,PT Forisa Nusapersada,668,Paid,,11/1/2022,Sedati,14,**Nutrijell Ekonomis Coklat 20gr,,NJL-0007,,20,Karton,257620,0.20%,0,,,5142095.2,5142095.2,0,0,10,5,514209.52,10013,6430610
SNI-10027.,11/1/2022,Purchase Invoice,10027,PT Forisa Nusapersada,668,Paid,,11/1/2022,Sedati,14,**Pop Ice Mango 25g,,POP-0057,,0,Karton,190700,0.20%,0,,,0,0,0,0,10,5,0,10013,6430610
SNI-10027.,11/1/2022,Purchase Invoice,10027,PT Forisa Nusapersada,668,Paid,,11/1/2022,Sedati,14,**Nutrijell Pudding Susu Belgian Chocolate 145g,,NJL-0045,,0,Karton,228200,0.20%,0,,,0,0,0,0,10,5,0,10013,6430610
SNI-10028.,11/1/2022,Purchase Invoice,10028,PT Forisa Nusapersada,668,Paid,,11/1/2022,Sedati,14,**Pop Ice Chocolate 25g,,POP-0051,,0,Karton,190700,0.20%,0,,,0,0,0,0,10,5,0,10013,6430610
SNI-10028.,11/1/2022,Purchase Invoice,10028,PT Forisa Nusapersada,668,Paid,,11/1/2022,Sedati,14,**Pop Ice Thunder Choco Malt 25g,,POP-0052,,252,Karton,190700,0.20%,0,,,47960287.2,47960287.2,0,0,10,5,4796028.72,10013,6430610
SNI-10028.,11/1/2022,Purchase Invoice,10028,PT Forisa Nusapersada,668,Paid,,11/1/2022,Sedati,14,**Pop Ice Taro 25g,,POP-0053,,0,Karton,190700,0.20%,0,,,0,0,0,0,10,5,0,10013,6430610
SNI-10028.,11/1/2022,Purchase Invoice,10028,PT Forisa Nusapersada,668,Paid,,11/1/2022,Sedati,14,**Pop Ice Vanilla Blue 25g,,POP-0061,,0,Karton,190700,0.20%,0,,,0,0,0,0,10,5,0,10013,6430610
SNI-10028.,11/1/2022,Purchase Invoice,10028,PT Forisa Nusapersada,668,Paid,,11/1/2022,Sedati,14,**Pop Ice Doger 25g,,POP-0062,,0,Karton,190700,0.20%,0,,,0,0,0,0,10,5,0,10013,6430610
SNI-10028.,11/1/2022,Purchase Invoice,10028,PT Forisa Nusapersada,668,Paid,,11/1/2022,Sedati,14,**Pop Ice Permen Karet 25g,,POP-0063,,0,Karton,190700,0.20%,0,,,0,0,0,0,10,5,0,10013,6430610
SNI-10028.,11/1/2022,Purchase Invoice,10028,PT Forisa Nusapersada,668,Paid,,11/1/2022,Sedati,14,**Pop Ice Avocado 25g,,POP-0055,,0,Karton,190700,0.20%,0,,,0,0,0,0,10,5,0,10013,6430610
SNI-10028.,11/1/2022,Purchase Invoice,10028,PT Forisa Nusapersada,668,Paid,,11/1/2022,Sedati,14,**Pop Ice Durian 25g,,POP-0066,,0,Karton,190700,0.20%,0,,,0,0,0,0,10,5,0,10013,6430610
SNI-10028.,11/1/2022,Purchase Invoice,10028,PT Forisa Nusapersada,668,Paid,,11/1/2022,Sedati,14,**Pop Ice Anggur 25g,,POP-0078,,0,Karton,190700,0.20%,0,,,0,0,0,0,10,5,0,10013,6430610
SNI-10028.,11/1/2022,Purchase Invoice,10028,PT Forisa Nusapersada,668,Paid,,11/1/2022,Sedati,14,**Pop Ice Melon 25g,,POP-0056,,0,Karton,190700,0.20%,0,,,0,0,0,0,10,5,0,10013,6430610
SNI-10028.,11/1/2022,Purchase Invoice,10028,PT Forisa Nusapersada,668,Paid,,11/1/2022,Sedati,14,**Pop Ice Lychee 25g,,POP-0073,,0,Karton,190700,0.20%,0,,,0,0,0,0,10,5,0,10013,6430610
SNI-10028.,11/1/2022,Purchase Invoice,10028,PT Forisa Nusapersada,668,Paid,,11/1/2022,Sedati,14,**Pop Ice Mango 25g,,POP-0057,,0,Karton,190700,0.20%,0,,,0,0,0,0,10,5,0,10013,6430610
SNI-10028.,11/1/2022,Purchase Invoice,10028,PT Forisa Nusapersada,668,Paid,,11/1/2022,Sedati,14,**Pop Ice Strawberry 25g,,POP-0058,,0,Karton,190700,0.20%,0,,,0,0,0,0,10,5,0,10013,6430610
SNI-10028.,11/1/2022,Purchase Invoice,10028,PT Forisa Nusapersada,668,Paid,,11/1/2022,Sedati,14,**Pop Ice Yogurt Strawberry 25g,,POP-0075,,0,Karton,190700,0.20%,0,,,0,0,0,0,10,5,0,10013,6430610
SNI-10028.,11/1/2022,Purchase Invoice,10028,PT Forisa Nusapersada,668,Paid,,11/1/2022,Sedati,14,**Anget Sari Wedang Jahe 24g,,ASR-0002,,0,Karton,171700,0.20%,0,,,0,0,0,0,10,5,0,10013,6430610
SNI-10028.,11/1/2022,Purchase Invoice,10028,PT Forisa Nusapersada,668,Paid,,11/1/2022,Sedati,14,**Agarasa Chocolate 22g - Inner Box,,AGR-0001,,0,Karton,189244,0.20%,0,,,0,0,0,0,10,5,0,10013,6430610
SNI-10028.,11/1/2022,Purchase Invoice,10028,PT Forisa Nusapersada,668,Paid,,11/1/2022,Sedati,14,**Agarasa Vanilla 10g - Inner Box,,AGR-0006,,0,Karton,160780,0.20%,0,,,0,0,0,0,10,5,0,10013,6430610
SNI-10028.,11/1/2022,Purchase Invoice,10028,PT Forisa Nusapersada,668,Paid,,11/1/2022,Sedati,14,**Agarasa Melon 10g - Inner Box,,AGR-0004,,0,Karton,160776,0.20%,0,,,0,0,0,0,10,5,0,10013,6430610
SNI-10028.,11/1/2022,Purchase Invoice,10028,PT Forisa Nusapersada,668,Paid,,11/1/2022,Sedati,14,**Nutrijell Plain 15g,,NJL-0031,,0,Karton,463529,0.20%,0,,,0,0,0,0,10,5,0,10013,6430610
SNI-10028.,11/1/2022,Purchase Invoice,10028,PT Forisa Nusapersada,668,Paid,,11/1/2022,Sedati,14,**Nutrijell Ekonomis Cincau 10g,,NJL-0033,,0,Karton,176730,0.20%,0,,,0,0,0,0,10,5,0,10013,6430610
SNI-10028.,11/1/2022,Purchase Invoice,10028,PT Forisa Nusapersada,668,Paid,,11/1/2022,Sedati,14,**Nutrijell Ekonomis Anggur 10g,,NJL-0043,,0,Karton,176730,0.20%,0,,,0,0,0,0,10,5,0,10013,6430610
SNI-10028.,11/1/2022,Purchase Invoice,10028,PT Forisa Nusapersada,668,Paid,,11/1/2022,Sedati,14,**Nutrijell Ekonomis Jambu 10g,,NJL-0034,,0,Karton,176730,0.20%,0,,,0,0,0,0,10,5,0,10013,6430610
SNI-10028.,11/1/2022,Purchase Invoice,10028,PT Forisa Nusapersada,668,Paid,,11/1/2022,Sedati,14,**Nutrijell Ekonomis Jeruk 10g,,NJL-0038,,0,Karton,176730,0.20%,0,,,0,0,0,0,10,5,0,10013,6430610
SNI-10028.,11/1/2022,Purchase Invoice,10028,PT Forisa Nusapersada,668,Paid,,11/1/2022,Sedati,14,**Nutrijell Ekonomis Strawberry 10g,,NJL-0039,,0,Karton,176730,0.20%,0,,,0,0,0,0,10,5,0,10013,6430610
SNI-10028.,11/1/2022,Purchase Invoice,10028,PT Forisa Nusapersada,668,Paid,,11/1/2022,Sedati,14,**Nutrijell Ekonomis Plain 10g,,NJL-0040,,10,Karton,176730,0.20%,0,,,1763765.4,1763765.4,0,0,10,5,176376.54,10013,6430610
SNI-10028.,11/1/2022,Purchase Invoice,10028,PT Forisa Nusapersada,668,Paid,,11/1/2022,Sedati,14,**Nutrijell Pudding Susu Vanilla 140g,,NJL-0016,,0,Karton,210950,0.20%,0,,,0,0,0,0,10,5,0,10013,6430610
SNI-10028.,11/1/2022,Purchase Invoice,10028,PT Forisa Nusapersada,668,Paid,,11/1/2022,Sedati,14,**Nutrijell Pudding Susu Melon 145g,,NJL-0017,,0,Karton,210950,0.20%,0,,,0,0,0,0,10,5,0,10013,6430610
SNI-10028.,11/1/2022,Purchase Invoice,10028,PT Forisa Nusapersada,668,Paid,,11/1/2022,Sedati,14,**Nutrijell Pudding Susu Mangga 130g,,NJL-0018,,0,Karton,210950,0.20%,0,,,0,0,0,0,10,5,0,10013,6430610
SNI-10028.,11/1/2022,Purchase Invoice,10028,PT Forisa Nusapersada,668,Paid,,11/1/2022,Sedati,14,**Nutrijell Pudding Susu Strawberry 145g,,NJL-0019,,0,Karton,210950,0.20%,0,,,0,0,0,0,10,5,0,10013,6430610
SNI-10028.,11/1/2022,Purchase Invoice,10028,PT Forisa Nusapersada,668,Paid,,11/1/2022,Sedati,14,**Nutrijell Pudding Santan Pandan 130g,,NJL-0020,,0,Karton,210950,0.20%,0,,,0,0,0,0,10,5,0,10013,6430610
SNI-10028.,11/1/2022,Purchase Invoice,10028,PT Forisa Nusapersada,668,Paid,,11/1/2022,Sedati,14,**Nutrijell Pudding Lapis Gula Jawa 100g,,NJL-0021,,0,Karton,210950,0.20%,0,,,0,0,0,0,10,5,0,10013,6430610
SNI-10028.,11/1/2022,Purchase Invoice,10028,PT Forisa Nusapersada,668,Paid,,11/1/2022,Sedati,14,**Nutrijell Pudding Lapis Cocopandan 110g,,NJL-0022,,0,Karton,210950,0.20%,0,,,0,0,0,0,10,5,0,10013,6430610
SNI-10028.,11/1/2022,Purchase Invoice,10028,PT Forisa Nusapersada,668,Paid,,11/1/2022,Sedati,14,**Silky Pudding Biscuit 155g,,SPD-0006,,0,Karton,112440,0.20%,0,,,0,0,0,0,10,5,0,10013,6430610
SNI-10028.,11/1/2022,Purchase Invoice,10028,PT Forisa Nusapersada,668,Paid,,11/1/2022,Sedati,14,**Silky Pudding Chocolate 155g,,SPD-0005,,0,Karton,112440,0.20%,0,,,0,0,0,0,10,5,0,10013,6430610
SNI-10028.,11/1/2022,Purchase Invoice,10028,PT Forisa Nusapersada,668,Paid,,11/1/2022,Sedati,14,**Silky Pudding Taro 155g,,SPD-0004,,0,Karton,112440,0.20%,0,,,0,0,0,0,10,5,0,10013,6430610
SNI-10028.,11/1/2022,Purchase Invoice,10028,PT Forisa Nusapersada,668,Paid,,11/1/2022,Sedati,14,**Silky Pudding Gummy 155g,,SPD-0003,,0,Karton,112440,0.20%,0,,,0,0,0,0,10,5,0,10013,6430610
SNI-10028.,11/1/2022,Purchase Invoice,10028,PT Forisa Nusapersada,668,Paid,,11/1/2022,Sedati,14,**Silky Pudding Avocado 155g,,SPD-0002,,0,Karton,112440,0.20%,0,,,0,0,0,0,10,5,0,10013,6430610
SNI-10028.,11/1/2022,Purchase Invoice,10028,PT Forisa Nusapersada,668,Paid,,11/1/2022,Sedati,14,**Silky Pudding Peach 155g,,SPD-0001,,0,Karton,112440,0.20%,0,,,0,0,0,0,10,5,0,10013,6430610
SNI-10028.,11/1/2022,Purchase Invoice,10028,PT Forisa Nusapersada,668,Paid,,11/1/2022,Sedati,14,**My Vla Chocolate 63g,,MVL-0002,,5,Karton,254710,0.20%,0,,,1271002.9,1271002.9,0,0,10,5,127100.29,10013,6430610
SNI-10028.,11/1/2022,Purchase Invoice,10028,PT Forisa Nusapersada,668,Paid,,11/1/2022,Sedati,14,**My Vla Vanilla 60g,,MVL-0001,,0,Karton,254710,0.20%,0,,,0,0,0,0,10,5,0,10013,6430610
SNI-10028.,11/1/2022,Purchase Invoice,10028,PT Forisa Nusapersada,668,Paid,,11/1/2022,Sedati,14,**Perkedelku Original 50g,,PKD-0001,,0,Karton,344400,0.20%,0,,,0,0,0,0,10,5,0,10013,6430610
SNI-10028.,11/1/2022,Purchase Invoice,10028,PT Forisa Nusapersada,668,Paid,,11/1/2022,Sedati,14,**Anget Sari Susu Jahe 25g,,ASR-0001,,0,Karton,178730,0.20%,0,,,0,0,0,0,10,5,0,10013,6430610
SNI-10028.,11/1/2022,Purchase Invoice,10028,PT Forisa Nusapersada,668,Paid,,11/1/2022,Sedati,14,**Pop Ice Vanilla Latte 25g,,POP-0071,,0,Karton,190700,0.20%,0,,,0,0,0,0,10,5,0,10013,6430610
SNI-10028.,11/1/2022,Purchase Invoice,10028,PT Forisa Nusapersada,668,Paid,,11/1/2022,Sedati,14,**Nutrijell Ekonomis Coklat 20gr,,NJL-0007,,0,Karton,257620,0.20%,0,,,0,0,0,0,10,5,0,10013,6430610
SNI-10028.,11/1/2022,Purchase Invoice,10028,PT Forisa Nusapersada,668,Paid,,11/1/2022,Sedati,14,**Pop Ice Mango 25g,,POP-0057,,0,Karton,190700,0.20%,0,,,0,0,0,0,10,5,0,10013,6430610
SNI-10028.,11/1/2022,Purchase Invoice,10028,PT Forisa Nusapersada,668,Paid,,11/1/2022,Sedati,14,**Nutrijell Pudding Susu Belgian Chocolate 145g,,NJL-0045,,15,Karton,228200,0.20%,0,,,3416154,3416154,0,0,10,5,341615.4,10013,6430610
SNI-10030.,18/01/2022,Purchase Invoice,10030,PT Forisa Nusapersada,668,Paid,,18/01/2022,Sedati,14,**Pop Ice Chocolate 25g,,POP-0051,,0,Karton,190700,0.20%,0,,,0,0,0,0,10,5,0,10013,6430610
SNI-10030.,18/01/2022,Purchase Invoice,10030,PT Forisa Nusapersada,668,Paid,,18/01/2022,Sedati,14,**Pop Ice Thunder Choco Malt 25g,,POP-0052,,0,Karton,190700,0.20%,0,,,0,0,0,0,10,5,0,10013,6430610
SNI-10030.,18/01/2022,Purchase Invoice,10030,PT Forisa Nusapersada,668,Paid,,18/01/2022,Sedati,14,**Pop Ice Taro 25g,,POP-0053,,0,Karton,190700,0.20%,0,,,0,0,0,0,10,5,0,10013,6430610
SNI-10030.,18/01/2022,Purchase Invoice,10030,PT Forisa Nusapersada,668,Paid,,18/01/2022,Sedati,14,**Pop Ice Vanilla Blue 25g,,POP-0061,,0,Karton,190700,0.20%,0,,,0,0,0,0,10,5,0,10013,6430610
SNI-10030.,18/01/2022,Purchase Invoice,10030,PT Forisa Nusapersada,668,Paid,,18/01/2022,Sedati,14,**Pop Ice Doger 25g,,POP-0062,,0,Karton,190700,0.20%,0,,,0,0,0,0,10,5,0,10013,6430610
SNI-10030.,18/01/2022,Purchase Invoice,10030,PT Forisa Nusapersada,668,Paid,,18/01/2022,Sedati,14,**Pop Ice Permen Karet 25g,,POP-0063,,0,Karton,190700,0.20%,0,,,0,0,0,0,10,5,0,10013,6430610
SNI-10030.,18/01/2022,Purchase Invoice,10030,PT Forisa Nusapersada,668,Paid,,18/01/2022,Sedati,14,**Pop Ice Avocado 25g,,POP-0055,,0,Karton,190700,0.20%,0,,,0,0,0,0,10,5,0,10013,6430610
SNI-10030.,18/01/2022,Purchase Invoice,10030,PT Forisa Nusapersada,668,Paid,,18/01/2022,Sedati,14,**Pop Ice Durian 25g,,POP-0066,,0,Karton,190700,0.20%,0,,,0,0,0,0,10,5,0,10013,6430610
SNI-10030.,18/01/2022,Purchase Invoice,10030,PT Forisa Nusapersada,668,Paid,,18/01/2022,Sedati,14,**Pop Ice Anggur 25g,,POP-0078,,0,Karton,190700,0.20%,0,,,0,0,0,0,10,5,0,10013,6430610
SNI-10030.,18/01/2022,Purchase Invoice,10030,PT Forisa Nusapersada,668,Paid,,18/01/2022,Sedati,14,**Pop Ice Melon 25g,,POP-0056,,0,Karton,190700,0.20%,0,,,0,0,0,0,10,5,0,10013,6430610
SNI-10030.,18/01/2022,Purchase Invoice,10030,PT Forisa Nusapersada,668,Paid,,18/01/2022,Sedati,14,**Pop Ice Lychee 25g,,POP-0073,,0,Karton,190700,0.20%,0,,,0,0,0,0,10,5,0,10013,6430610
SNI-10030.,18/01/2022,Purchase Invoice,10030,PT Forisa Nusapersada,668,Paid,,18/01/2022,Sedati,14,**Pop Ice Mango 25g,,POP-0057,,189,Karton,190700,0.20%,0,,,35970215.4,35970215.4,0,0,10,5,3597021.54,10013,6430610
SNI-10030.,18/01/2022,Purchase Invoice,10030,PT Forisa Nusapersada,668,Paid,,18/01/2022,Sedati,14,**Pop Ice Strawberry 25g,,POP-0058,,0,Karton,190700,0.20%,0,,,0,0,0,0,10,5,0,10013,6430610
SNI-10030.,18/01/2022,Purchase Invoice,10030,PT Forisa Nusapersada,668,Paid,,18/01/2022,Sedati,14,**Pop Ice Yogurt Strawberry 25g,,POP-0075,,0,Karton,190700,0.20%,0,,,0,0,0,0,10,5,0,10013,6430610
SNI-10030.,18/01/2022,Purchase Invoice,10030,PT Forisa Nusapersada,668,Paid,,18/01/2022,Sedati,14,**Anget Sari Wedang Jahe 24g,,ASR-0002,,0,Karton,171700,0.20%,0,,,0,0,0,0,10,5,0,10013,6430610
SNI-10030.,18/01/2022,Purchase Invoice,10030,PT Forisa Nusapersada,668,Paid,,18/01/2022,Sedati,14,**Agarasa Chocolate 22g - Inner Box,,AGR-0001,,0,Karton,189244,0.20%,0,,,0,0,0,0,10,5,0,10013,6430610
SNI-10030.,18/01/2022,Purchase Invoice,10030,PT Forisa Nusapersada,668,Paid,,18/01/2022,Sedati,14,**Agarasa Vanilla 10g - Inner Box,,AGR-0006,,0,Karton,160780,0.20%,0,,,0,0,0,0,10,5,0,10013,6430610
SNI-10030.,18/01/2022,Purchase Invoice,10030,PT Forisa Nusapersada,668,Paid,,18/01/2022,Sedati,14,**Agarasa Melon 10g - Inner Box,,AGR-0004,,0,Karton,160776,0.20%,0,,,0,0,0,0,10,5,0,10013,6430610
SNI-10030.,18/01/2022,Purchase Invoice,10030,PT Forisa Nusapersada,668,Paid,,18/01/2022,Sedati,14,**Nutrijell Plain 15g,,NJL-0031,,0,Karton,463529,0.20%,0,,,0,0,0,0,10,5,0,10013,6430610
SNI-10030.,18/01/2022,Purchase Invoice,10030,PT Forisa Nusapersada,668,Paid,,18/01/2022,Sedati,14,**Nutrijell Ekonomis Cincau 10g,,NJL-0033,,0,Karton,176730,0.20%,0,,,0,0,0,0,10,5,0,10013,6430610
SNI-10030.,18/01/2022,Purchase Invoice,10030,PT Forisa Nusapersada,668,Paid,,18/01/2022,Sedati,14,**Nutrijell Ekonomis Anggur 10g,,NJL-0043,,0,Karton,176730,0.20%,0,,,0,0,0,0,10,5,0,10013,6430610
SNI-10030.,18/01/2022,Purchase Invoice,10030,PT Forisa Nusapersada,668,Paid,,18/01/2022,Sedati,14,**Nutrijell Ekonomis Jambu 10g,,NJL-0034,,0,Karton,176730,0.20%,0,,,0,0,0,0,10,5,0,10013,6430610
SNI-10030.,18/01/2022,Purchase Invoice,10030,PT Forisa Nusapersada,668,Paid,,18/01/2022,Sedati,14,**Nutrijell Ekonomis Jeruk 10g,,NJL-0038,,0,Karton,176730,0.20%,0,,,0,0,0,0,10,5,0,10013,6430610
SNI-10030.,18/01/2022,Purchase Invoice,10030,PT Forisa Nusapersada,668,Paid,,18/01/2022,Sedati,14,**Nutrijell Ekonomis Strawberry 10g,,NJL-0039,,0,Karton,176730,0.20%,0,,,0,0,0,0,10,5,0,10013,6430610
SNI-10030.,18/01/2022,Purchase Invoice,10030,PT Forisa Nusapersada,668,Paid,,18/01/2022,Sedati,14,**Nutrijell Ekonomis Plain 10g,,NJL-0040,,0,Karton,176730,0.20%,0,,,0,0,0,0,10,5,0,10013,6430610
SNI-10030.,18/01/2022,Purchase Invoice,10030,PT Forisa Nusapersada,668,Paid,,18/01/2022,Sedati,14,**Nutrijell Pudding Susu Vanilla 140g,,NJL-0016,,0,Karton,210950,0.20%,0,,,0,0,0,0,10,5,0,10013,6430610
SNI-10030.,18/01/2022,Purchase Invoice,10030,PT Forisa Nusapersada,668,Paid,,18/01/2022,Sedati,14,**Nutrijell Pudding Susu Melon 145g,,NJL-0017,,0,Karton,210950,0.20%,0,,,0,0,0,0,10,5,0,10013,6430610
SNI-10030.,18/01/2022,Purchase Invoice,10030,PT Forisa Nusapersada,668,Paid,,18/01/2022,Sedati,14,**Nutrijell Pudding Susu Mangga 130g,,NJL-0018,,0,Karton,210950,0.20%,0,,,0,0,0,0,10,5,0,10013,6430610
SNI-10030.,18/01/2022,Purchase Invoice,10030,PT Forisa Nusapersada,668,Paid,,18/01/2022,Sedati,14,**Nutrijell Pudding Susu Strawberry 145g,,NJL-0019,,0,Karton,210950,0.20%,0,,,0,0,0,0,10,5,0,10013,6430610
SNI-10030.,18/01/2022,Purchase Invoice,10030,PT Forisa Nusapersada,668,Paid,,18/01/2022,Sedati,14,**Nutrijell Pudding Santan Pandan 130g,,NJL-0020,,0,Karton,210950,0.20%,0,,,0,0,0,0,10,5,0,10013,6430610
SNI-10030.,18/01/2022,Purchase Invoice,10030,PT Forisa Nusapersada,668,Paid,,18/01/2022,Sedati,14,**Nutrijell Pudding Lapis Gula Jawa 100g,,NJL-0021,,0,Karton,210950,0.20%,0,,,0,0,0,0,10,5,0,10013,6430610
SNI-10030.,18/01/2022,Purchase Invoice,10030,PT Forisa Nusapersada,668,Paid,,18/01/2022,Sedati,14,**Nutrijell Pudding Lapis Cocopandan 110g,,NJL-0022,,0,Karton,210950,0.20%,0,,,0,0,0,0,10,5,0,10013,6430610
SNI-10030.,18/01/2022,Purchase Invoice,10030,PT Forisa Nusapersada,668,Paid,,18/01/2022,Sedati,14,**Silky Pudding Biscuit 155g,,SPD-0006,,0,Karton,112440,0.20%,0,,,0,0,0,0,10,5,0,10013,6430610
SNI-10030.,18/01/2022,Purchase Invoice,10030,PT Forisa Nusapersada,668,Paid,,18/01/2022,Sedati,14,**Silky Pudding Chocolate 155g,,SPD-0005,,0,Karton,112440,0.20%,0,,,0,0,0,0,10,5,0,10013,6430610
SNI-10030.,18/01/2022,Purchase Invoice,10030,PT Forisa Nusapersada,668,Paid,,18/01/2022,Sedati,14,**Silky Pudding Taro 155g,,SPD-0004,,0,Karton,112440,0.20%,0,,,0,0,0,0,10,5,0,10013,6430610
SNI-10030.,18/01/2022,Purchase Invoice,10030,PT Forisa Nusapersada,668,Paid,,18/01/2022,Sedati,14,**Silky Pudding Gummy 155g,,SPD-0003,,0,Karton,112440,0.20%,0,,,0,0,0,0,10,5,0,10013,6430610
SNI-10030.,18/01/2022,Purchase Invoice,10030,PT Forisa Nusapersada,668,Paid,,18/01/2022,Sedati,14,**Silky Pudding Avocado 155g,,SPD-0002,,0,Karton,112440,0.20%,0,,,0,0,0,0,10,5,0,10013,6430610
SNI-10030.,18/01/2022,Purchase Invoice,10030,PT Forisa Nusapersada,668,Paid,,18/01/2022,Sedati,14,**Silky Pudding Peach 155g,,SPD-0001,,0,Karton,112440,0.20%,0,,,0,0,0,0,10,5,0,10013,6430610
SNI-10030.,18/01/2022,Purchase Invoice,10030,PT Forisa Nusapersada,668,Paid,,18/01/2022,Sedati,14,**My Vla Chocolate 63g,,MVL-0002,,0,Karton,254710,0.20%,0,,,0,0,0,0,10,5,0,10013,6430610
SNI-10030.,18/01/2022,Purchase Invoice,10030,PT Forisa Nusapersada,668,Paid,,18/01/2022,Sedati,14,**My Vla Vanilla 60g,,MVL-0001,,0,Karton,254710,0.20%,0,,,0,0,0,0,10,5,0,10013,6430610
SNI-10030.,18/01/2022,Purchase Invoice,10030,PT Forisa Nusapersada,668,Paid,,18/01/2022,Sedati,14,**Perkedelku Original 50g,,PKD-0001,,0,Karton,344400,0.20%,0,,,0,0,0,0,10,5,0,10013,6430610
SNI-10030.,18/01/2022,Purchase Invoice,10030,PT Forisa Nusapersada,668,Paid,,18/01/2022,Sedati,14,**Anget Sari Susu Jahe 25g,,ASR-0001,,0,Karton,178730,0.20%,0,,,0,0,0,0,10,5,0,10013,6430610
SNI-10030.,18/01/2022,Purchase Invoice,10030,PT Forisa Nusapersada,668,Paid,,18/01/2022,Sedati,14,**Pop Ice Vanilla Latte 25g,,POP-0071,,0,Karton,190700,0.20%,0,,,0,0,0,0,10,5,0,10013,6430610
SNI-10030.,18/01/2022,Purchase Invoice,10030,PT Forisa Nusapersada,668,Paid,,18/01/2022,Sedati,14,**Nutrijell Ekonomis Coklat 20gr,,NJL-0007,,0,Karton,257620,0.20%,0,,,0,0,0,0,10,5,0,10013,6430610
SNI-10030.,18/01/2022,Purchase Invoice,10030,PT Forisa Nusapersada,668,Paid,,18/01/2022,Sedati,14,**Pop Ice Mango 25g,,POP-0057,,7,Karton,190700,0.20%,0,,,1332230.2,1332230.2,0,0,10,5,133223.02,10013,6430610
SNI-10030.,18/01/2022,Purchase Invoice,10030,PT Forisa Nusapersada,668,Paid,,18/01/2022,Sedati,14,**Nutrijell Pudding Susu Belgian Chocolate 145g,,NJL-0045,,0,Karton,228200,0.20%,0,,,0,0,0,0,10,5,0,10013,6430610
SNI-10031.,18/01/2022,Purchase Invoice,10031,PT Forisa Nusapersada,668,Paid,,18/01/2022,Sedati,14,**Pop Ice Chocolate 25g,,POP-0051,,817,Karton,190700,0.20%,0,,,155490296.2,155490296.2,0,0,10,5,15549029.62,10014,6430611
SNI-10031.,18/01/2022,Purchase Invoice,10031,PT Forisa Nusapersada,668,Paid,,18/01/2022,Sedati,14,**Pop Ice Vanilla Blue 25g,,POP-0061,,187,Karton,190700,0.20%,0,,,35589578.2,35589578.2,0,0,10,5,3558957.82,10014,6430611
SNI-10031.,18/01/2022,Purchase Invoice,10031,PT Forisa Nusapersada,668,Paid,,18/01/2022,Sedati,14,**Pop Ice Permen Karet 25g,,POP-0063,,42,Karton,190700,0.20%,0,,,7993381.2,7993381.2,0,0,10,5,799338.12,10014,6430611
SNI-10031.,18/01/2022,Purchase Invoice,10031,PT Forisa Nusapersada,668,Paid,,18/01/2022,Sedati,14,**Pop Ice Melon 25g,,POP-0056,,50,Karton,190700,0.20%,0,,,9515930,9515930,0,0,10,5,951593,10014,6430611
SNI-10031.,18/01/2022,Purchase Invoice,10031,PT Forisa Nusapersada,668,Paid,,18/01/2022,Sedati,14,**Pop Ice Mango 25g,,POP-0057,,70,Karton,190700,0.20%,0,,,13322302,13322302,0,0,10,5,1332230.2,10014,6430611
SNI-10031.,18/01/2022,Purchase Invoice,10031,PT Forisa Nusapersada,668,Paid,,18/01/2022,Sedati,14,**Pop Ice Strawberry 25g,,POP-0058,,124,Karton,190700,0.20%,0,,,23599506.4,23599506.4,0,0,10,5,2359950.64,10014,6430611
SNI-10031.,18/01/2022,Purchase Invoice,10031,PT Forisa Nusapersada,668,Paid,,18/01/2022,Sedati,14,**Pop Ice Coklat Biskuit 25g,,POP-0059,,87,Karton,190700,0.20%,0,,,16557718.2,16557718.2,0,0,10,5,1655771.82,10014,6430611
SNI-10031.,18/01/2022,Purchase Invoice,10031,PT Forisa Nusapersada,668,Paid,,18/01/2022,Sedati,14,**Pop Ice Vanilla Latte 25g,,POP-0071,,146,Karton,190700,0.20%,0,,,27786515.6,27786515.6,0,0,10,5,2778651.56,10014,6430611
SNI-10031.,18/01/2022,Purchase Invoice,10031,PT Forisa Nusapersada,668,Paid,,18/01/2022,Sedati,14,**Anget Sari Wedang Jahe 24g,,ASR-0002,,0,Karton,171700,0.20%,0,,,0,0,0,0,10,5,0,10014,6430611
SNI-10031.,18/01/2022,Purchase Invoice,10031,PT Forisa Nusapersada,668,Paid,,18/01/2022,Sedati,14,**Anget Sari Susu Jahe 25g,,ASR-0001,,0,Karton,178730,0.20%,0,,,0,0,0,0,10,5,0,10014,6430611
SNI-10031.,18/01/2022,Purchase Invoice,10031,PT Forisa Nusapersada,668,Paid,,18/01/2022,Sedati,14,**Pop Ice Coklat Biskuit 25g,,POP-0059,,63,Karton,190700,0.20%,0,,,11990071.8,11990071.8,0,0,10,5,1199007.18,10014,6430611
SNI-10031.,18/01/2022,Purchase Invoice,10031,PT Forisa Nusapersada,668,Paid,,18/01/2022,Sedati,14,**Agarasa Vanilla 10g - Inner Box,,AGR-0006,,0,Karton,160780,0.20%,0,,,0,0,0,0,10,5,0,10014,6430611
SNI-10031.,18/01/2022,Purchase Invoice,10031,PT Forisa Nusapersada,668,Paid,,18/01/2022,Sedati,14,**Pop Ice Avocado 25g,,POP-0055,,315,Karton,190700,0.20%,0,,,59950359,59950359,0,0,10,5,5995035.9,10014,6430611
SNI-10031.,18/01/2022,Purchase Invoice,10031,PT Forisa Nusapersada,668,Paid,,18/01/2022,Sedati,14,**Pop Ice Thunder Choco Malt 25g,,POP-0052,,0,Karton,190700,0.20%,0,,,0,0,0,0,10,5,0,10014,6430611
SNI-10032.,18/01/2022,Purchase Invoice,10032,PT Forisa Nusapersada,668,Paid,,18/01/2022,Sedati,14,**Pop Ice Chocolate 25g,,POP-0051,,0,Karton,190700,0.20%,0,,,0,0,0,0,10,5,0,10014,6430611
SNI-10032.,18/01/2022,Purchase Invoice,10032,PT Forisa Nusapersada,668,Paid,,18/01/2022,Sedati,14,**Pop Ice Vanilla Blue 25g,,POP-0061,,0,Karton,190700,0.20%,0,,,0,0,0,0,10,5,0,10014,6430611
SNI-10032.,18/01/2022,Purchase Invoice,10032,PT Forisa Nusapersada,668,Paid,,18/01/2022,Sedati,14,**Pop Ice Permen Karet 25g,,POP-0063,,0,Karton,190700,0.20%,0,,,0,0,0,0,10,5,0,10014,6430611
SNI-10032.,18/01/2022,Purchase Invoice,10032,PT Forisa Nusapersada,668,Paid,,18/01/2022,Sedati,14,**Pop Ice Melon 25g,,POP-0056,,0,Karton,190700,0.20%,0,,,0,0,0,0,10,5,0,10014,6430611
SNI-10032.,18/01/2022,Purchase Invoice,10032,PT Forisa Nusapersada,668,Paid,,18/01/2022,Sedati,14,**Pop Ice Mango 25g,,POP-0057,,0,Karton,190700,0.20%,0,,,0,0,0,0,10,5,0,10014,6430611
SNI-10032.,18/01/2022,Purchase Invoice,10032,PT Forisa Nusapersada,668,Paid,,18/01/2022,Sedati,14,**Pop Ice Strawberry 25g,,POP-0058,,0,Karton,190700,0.20%,0,,,0,0,0,0,10,5,0,10014,6430611
SNI-10032.,18/01/2022,Purchase Invoice,10032,PT Forisa Nusapersada,668,Paid,,18/01/2022,Sedati,14,**Pop Ice Coklat Biskuit 25g,,POP-0059,,0,Karton,190700,0.20%,0,,,0,0,0,0,10,5,0,10014,6430611
SNI-10032.,18/01/2022,Purchase Invoice,10032,PT Forisa Nusapersada,668,Paid,,18/01/2022,Sedati,14,**Pop Ice Vanilla Latte 25g,,POP-0071,,0,Karton,190700,0.20%,0,,,0,0,0,0,10,5,0,10014,6430611
SNI-10032.,18/01/2022,Purchase Invoice,10032,PT Forisa Nusapersada,668,Paid,,18/01/2022,Sedati,14,**Anget Sari Wedang Jahe 24g,,ASR-0002,,102,Karton,171700,0.20%,0,,,17478373.2,17478373.2,0,0,10,5,1747837.32,10014,6430611
SNI-10032.,18/01/2022,Purchase Invoice,10032,PT Forisa Nusapersada,668,Paid,,18/01/2022,Sedati,14,**Anget Sari Susu Jahe 25g,,ASR-0001,,50,Karton,178730,0.20%,0,,,8918627,8918627,0,0,10,5,891862.7,10014,6430611
SNI-10032.,18/01/2022,Purchase Invoice,10032,PT Forisa Nusapersada,668,Paid,,18/01/2022,Sedati,14,**Pop Ice Coklat Biskuit 25g,,POP-0059,,0,Karton,190700,0.20%,0,,,0,0,0,0,10,5,0,10014,6430611
SNI-10032.,18/01/2022,Purchase Invoice,10032,PT Forisa Nusapersada,668,Paid,,18/01/2022,Sedati,14,**Agarasa Vanilla 10g - Inner Box,,AGR-0006,,0,Karton,160780,0.20%,0,,,0,0,0,0,10,5,0,10014,6430611
SNI-10032.,18/01/2022,Purchase Invoice,10032,PT Forisa Nusapersada,668,Paid,,18/01/2022,Sedati,14,**Pop Ice Avocado 25g,,POP-0055,,0,Karton,190700,0.20%,0,,,0,0,0,0,10,5,0,10014,6430611
SNI-10032.,18/01/2022,Purchase Invoice,10032,PT Forisa Nusapersada,668,Paid,,18/01/2022,Sedati,14,**Pop Ice Thunder Choco Malt 25g,,POP-0052,,0,Karton,190700,0.20%,0,,,0,0,0,0,10,5,0,10014,6430611
SNI-10033.,18/01/2022,Purchase Invoice,10033,PT Forisa Nusapersada,668,Paid,,18/01/2022,Sedati,14,**Pop Ice Chocolate 25g,,POP-0051,,0,Karton,190700,0.20%,0,,,0,0,0,0,10,5,0,10014,6430611
SNI-10033.,18/01/2022,Purchase Invoice,10033,PT Forisa Nusapersada,668,Paid,,18/01/2022,Sedati,14,**Pop Ice Vanilla Blue 25g,,POP-0061,,0,Karton,190700,0.20%,0,,,0,0,0,0,10,5,0,10014,6430611
SNI-10033.,18/01/2022,Purchase Invoice,10033,PT Forisa Nusapersada,668,Paid,,18/01/2022,Sedati,14,**Pop Ice Permen Karet 25g,,POP-0063,,0,Karton,190700,0.20%,0,,,0,0,0,0,10,5,0,10014,6430611
SNI-10033.,18/01/2022,Purchase Invoice,10033,PT Forisa Nusapersada,668,Paid,,18/01/2022,Sedati,14,**Pop Ice Melon 25g,,POP-0056,,0,Karton,190700,0.20%,0,,,0,0,0,0,10,5,0,10014,6430611
SNI-10033.,18/01/2022,Purchase Invoice,10033,PT Forisa Nusapersada,668,Paid,,18/01/2022,Sedati,14,**Pop Ice Mango 25g,,POP-0057,,0,Karton,190700,0.20%,0,,,0,0,0,0,10,5,0,10014,6430611
SNI-10033.,18/01/2022,Purchase Invoice,10033,PT Forisa Nusapersada,668,Paid,,18/01/2022,Sedati,14,**Pop Ice Strawberry 25g,,POP-0058,,0,Karton,190700,0.20%,0,,,0,0,0,0,10,5,0,10014,6430611
SNI-10033.,18/01/2022,Purchase Invoice,10033,PT Forisa Nusapersada,668,Paid,,18/01/2022,Sedati,14,**Pop Ice Coklat Biskuit 25g,,POP-0059,,0,Karton,190700,0.20%,0,,,0,0,0,0,10,5,0,10014,6430611
SNI-10033.,18/01/2022,Purchase Invoice,10033,PT Forisa Nusapersada,668,Paid,,18/01/2022,Sedati,14,**Pop Ice Vanilla Latte 25g,,POP-0071,,0,Karton,190700,0.20%,0,,,0,0,0,0,10,5,0,10014,6430611
SNI-10033.,18/01/2022,Purchase Invoice,10033,PT Forisa Nusapersada,668,Paid,,18/01/2022,Sedati,14,**Anget Sari Wedang Jahe 24g,,ASR-0002,,0,Karton,171700,0.20%,0,,,0,0,0,0,10,5,0,10014,6430611
SNI-10033.,18/01/2022,Purchase Invoice,10033,PT Forisa Nusapersada,668,Paid,,18/01/2022,Sedati,14,**Anget Sari Susu Jahe 25g,,ASR-0001,,0,Karton,178730,0.20%,0,,,0,0,0,0,10,5,0,10014,6430611
SNI-10033.,18/01/2022,Purchase Invoice,10033,PT Forisa Nusapersada,668,Paid,,18/01/2022,Sedati,14,**Pop Ice Coklat Biskuit 25g,,POP-0059,,0,Karton,190700,0.20%,0,,,0,0,0,0,10,5,0,10014,6430611
SNI-10033.,18/01/2022,Purchase Invoice,10033,PT Forisa Nusapersada,668,Paid,,18/01/2022,Sedati,14,**Agarasa Vanilla 10g - Inner Box,,AGR-0006,,10,Karton,160780,0.20%,0,,,1604584.4,1604584.4,0,0,10,5,160458.44,10014,6430611
SNI-10033.,18/01/2022,Purchase Invoice,10033,PT Forisa Nusapersada,668,Paid,,18/01/2022,Sedati,14,**Pop Ice Avocado 25g,,POP-0055,,0,Karton,190700,0.20%,0,,,0,0,0,0,10,5,0,10014,6430611
SNI-10033.,18/01/2022,Purchase Invoice,10033,PT Forisa Nusapersada,668,Paid,,18/01/2022,Sedati,14,**Pop Ice Thunder Choco Malt 25g,,POP-0052,,0,Karton,190700,0.20%,0,,,0,0,0,0,10,5,0,10014,6430611
SNI-10034.,18/01/2022,Purchase Invoice,10034,PT Forisa Nusapersada,668,Paid,,18/01/2022,Sedati,14,**Pop Ice Chocolate 25g,,POP-0051,,0,Karton,190700,0.20%,0,,,0,0,0,0,10,5,0,10014,6430611
SNI-10034.,18/01/2022,Purchase Invoice,10034,PT Forisa Nusapersada,668,Paid,,18/01/2022,Sedati,14,**Pop Ice Vanilla Blue 25g,,POP-0061,,0,Karton,190700,0.20%,0,,,0,0,0,0,10,5,0,10014,6430611
SNI-10034.,18/01/2022,Purchase Invoice,10034,PT Forisa Nusapersada,668,Paid,,18/01/2022,Sedati,14,**Pop Ice Permen Karet 25g,,POP-0063,,0,Karton,190700,0.20%,0,,,0,0,0,0,10,5,0,10014,6430611
SNI-10034.,18/01/2022,Purchase Invoice,10034,PT Forisa Nusapersada,668,Paid,,18/01/2022,Sedati,14,**Pop Ice Melon 25g,,POP-0056,,0,Karton,190700,0.20%,0,,,0,0,0,0,10,5,0,10014,6430611
SNI-10034.,18/01/2022,Purchase Invoice,10034,PT Forisa Nusapersada,668,Paid,,18/01/2022,Sedati,14,**Pop Ice Mango 25g,,POP-0057,,0,Karton,190700,0.20%,0,,,0,0,0,0,10,5,0,10014,6430611
SNI-10034.,18/01/2022,Purchase Invoice,10034,PT Forisa Nusapersada,668,Paid,,18/01/2022,Sedati,14,**Pop Ice Strawberry 25g,,POP-0058,,0,Karton,190700,0.20%,0,,,0,0,0,0,10,5,0,10014,6430611
SNI-10034.,18/01/2022,Purchase Invoice,10034,PT Forisa Nusapersada,668,Paid,,18/01/2022,Sedati,14,**Pop Ice Coklat Biskuit 25g,,POP-0059,,0,Karton,190700,0.20%,0,,,0,0,0,0,10,5,0,10014,6430611
SNI-10034.,18/01/2022,Purchase Invoice,10034,PT Forisa Nusapersada,668,Paid,,18/01/2022,Sedati,14,**Pop Ice Vanilla Latte 25g,,POP-0071,,0,Karton,190700,0.20%,0,,,0,0,0,0,10,5,0,10014,6430611
SNI-10034.,18/01/2022,Purchase Invoice,10034,PT Forisa Nusapersada,668,Paid,,18/01/2022,Sedati,14,**Anget Sari Wedang Jahe 24g,,ASR-0002,,0,Karton,171700,0.20%,0,,,0,0,0,0,10,5,0,10014,6430611
SNI-10034.,18/01/2022,Purchase Invoice,10034,PT Forisa Nusapersada,668,Paid,,18/01/2022,Sedati,14,**Anget Sari Susu Jahe 25g,,ASR-0001,,0,Karton,178730,0.20%,0,,,0,0,0,0,10,5,0,10014,6430611
SNI-10034.,18/01/2022,Purchase Invoice,10034,PT Forisa Nusapersada,668,Paid,,18/01/2022,Sedati,14,**Pop Ice Coklat Biskuit 25g,,POP-0059,,0,Karton,190700,0.20%,0,,,0,0,0,0,10,5,0,10014,6430611
SNI-10034.,18/01/2022,Purchase Invoice,10034,PT Forisa Nusapersada,668,Paid,,18/01/2022,Sedati,14,**Agarasa Vanilla 10g - Inner Box,,AGR-0006,,0,Karton,160780,0.20%,0,,,0,0,0,0,10,5,0,10014,6430611
SNI-10034.,18/01/2022,Purchase Invoice,10034,PT Forisa Nusapersada,668,Paid,,18/01/2022,Sedati,14,**Pop Ice Avocado 25g,,POP-0055,,0,Karton,190700,0.20%,0,,,0,0,0,0,10,5,0,10014,6430611
SNI-10034.,18/01/2022,Purchase Invoice,10034,PT Forisa Nusapersada,668,Paid,,18/01/2022,Sedati,14,**Pop Ice Thunder Choco Malt 25g,,POP-0052,,252,Karton,190700,0.20%,0,,,47960287.2,47960287.2,0,0,10,5,4796028.72,10014,6430611
SNI-10036.,25/01/2022,Purchase Invoice,10036,PT Forisa Nusapersada,668,Paid,,25/01/2022,Sedati,14,**Pop Ice Chocolate 25g,,POP-0051,,1260,Karton,190700,0.20%,0,,,239801436,239801436,0,0,10,5,23980143.6,10015,6430612
SNI-10036.,25/01/2022,Purchase Invoice,10036,PT Forisa Nusapersada,668,Paid,,25/01/2022,Sedati,14,**Pop Ice Thunder Choco Malt 25g,,POP-0052,,0,Karton,190700,0.20%,0,,,0,0,0,0,10,5,0,10015,6430612
SNI-10036.,25/01/2022,Purchase Invoice,10036,PT Forisa Nusapersada,668,Paid,,25/01/2022,Sedati,14,**Pop Ice Avocado 25g,,POP-0055,,696,Karton,190700,0.20%,0,,,132461745.6,132461745.6,0,0,10,5,13246174.56,10015,6430612
SNI-10036.,25/01/2022,Purchase Invoice,10036,PT Forisa Nusapersada,668,Paid,,25/01/2022,Sedati,14,**Pop Ice Chocolate 25g,,POP-0051,,252,Karton,190700,0.20%,0,,,47960287.2,47960287.2,0,0,10,5,4796028.72,10015,6430612
SNI-10037.,25/01/2022,Purchase Invoice,10037,PT Forisa Nusapersada,668,Paid,,25/01/2022,Sedati,14,**Pop Ice Chocolate 25g,,POP-0051,,0,Karton,190700,0.20%,0,,,0,0,0,0,10,5,0,10015,6430612
SNI-10037.,25/01/2022,Purchase Invoice,10037,PT Forisa Nusapersada,668,Paid,,25/01/2022,Sedati,14,**Pop Ice Thunder Choco Malt 25g,,POP-0052,,378,Karton,190700,0.20%,0,,,71940430.8,71940430.8,0,0,10,5,7194043.08,10015,6430612
SNI-10037.,25/01/2022,Purchase Invoice,10037,PT Forisa Nusapersada,668,Paid,,25/01/2022,Sedati,14,**Pop Ice Avocado 25g,,POP-0055,,0,Karton,190700,0.20%,0,,,0,0,0,0,10,5,0,10015,6430612
SNI-10037.,25/01/2022,Purchase Invoice,10037,PT Forisa Nusapersada,668,Paid,,25/01/2022,Sedati,14,**Pop Ice Chocolate 25g,,POP-0051,,0,Karton,190700,0.20%,0,,,0,0,0,0,10,5,0,10015,6430612
SNI-10038.,28/01/2022,Purchase Invoice,10038,PT Forisa Nusapersada,668,Paid,Mohon dibayarkan sesuai dengan amount to transfer Rp545.582.670 karena ada pembulatan pada sistemnya.,28/01/2022,Sedati,14,**Nutrijell Ekonomis Coklat 20gr,,NJL-0007,,0,Karton,257620,0.20%,0,,,0,0,0,0,10,5,0,10016,6430613
SNI-10038.,28/01/2022,Purchase Invoice,10038,PT Forisa Nusapersada,668,Paid,Mohon dibayarkan sesuai dengan amount to transfer Rp545.582.670 karena ada pembulatan pada sistemnya.,28/01/2022,Sedati,14,**Pop Ice Chocolate 25g,,POP-0051,,2180,Karton,190700,0.20%,0,,,414894548,414894548,0,0,10,5,41489454.8,10016,6430613
SNI-10038.,28/01/2022,Purchase Invoice,10038,PT Forisa Nusapersada,668,Paid,Mohon dibayarkan sesuai dengan amount to transfer Rp545.582.670 karena ada pembulatan pada sistemnya.,28/01/2022,Sedati,14,**Pop Ice Thunder Choco Malt 25g,,POP-0052,,0,Karton,190700,0.20%,0,,,0,0,0,0,10,5,0,10016,6430613
SNI-10039.,28/01/2022,Purchase Invoice,10039,PT Forisa Nusapersada,668,Paid,Mohon dibayarkan sesuai dengan amount to transfer Rp545.582.670 karena ada pembulatan pada sistemnya.,28/01/2022,Sedati,14,**Nutrijell Ekonomis Coklat 20gr,,NJL-0007,,80,Karton,257620,0.20%,0,,,20568380.8,20568380.8,0,0,10,5,2056838.08,10016,6430613
SNI-10039.,28/01/2022,Purchase Invoice,10039,PT Forisa Nusapersada,668,Paid,Mohon dibayarkan sesuai dengan amount to transfer Rp545.582.670 karena ada pembulatan pada sistemnya.,28/01/2022,Sedati,14,**Pop Ice Chocolate 25g,,POP-0051,,0,Karton,190700,0.20%,0,,,0,0,0,0,10,5,0,10016,6430613
SNI-10039.,28/01/2022,Purchase Invoice,10039,PT Forisa Nusapersada,668,Paid,Mohon dibayarkan sesuai dengan amount to transfer Rp545.582.670 karena ada pembulatan pada sistemnya.,28/01/2022,Sedati,14,**Pop Ice Thunder Choco Malt 25g,,POP-0052,,0,Karton,190700,0.20%,0,,,0,0,0,0,10,5,0,10016,6430613
SNI-10040.,28/01/2022,Purchase Invoice,10040,PT Forisa Nusapersada,668,Paid,Mohon dibayarkan sesuai dengan amount to transfer Rp545.582.670 karena ada pembulatan pada sistemnya.,28/01/2022,Sedati,14,**Nutrijell Ekonomis Coklat 20gr,,NJL-0007,,0,Karton,257620,0.20%,0,,,0,0,0,0,10,5,0,10016,6430613
SNI-10040.,28/01/2022,Purchase Invoice,10040,PT Forisa Nusapersada,668,Paid,Mohon dibayarkan sesuai dengan amount to transfer Rp545.582.670 karena ada pembulatan pada sistemnya.,28/01/2022,Sedati,14,**Pop Ice Chocolate 25g,,POP-0051,,0,Karton,190700,0.20%,0,,,0,0,0,0,10,5,0,10016,6430613
SNI-10040.,28/01/2022,Purchase Invoice,10040,PT Forisa Nusapersada,668,Paid,Mohon dibayarkan sesuai dengan amount to transfer Rp545.582.670 karena ada pembulatan pada sistemnya.,28/01/2022,Sedati,14,**Pop Ice Thunder Choco Malt 25g,,POP-0052,,318,Karton,190700,0.20%,0,,,60521314.8,60521314.8,0,0,10,5,6052131.48,10016,6430613
